county_geoid,total_rows,match_rows,tie_rows,resolved_rows,strict_match_rate_pct,tract_resolution_rate_pct,state_abbrev
00000,74040,0,0,73355,0.0,99.07,
01001,94,85,9,85,90.43,90.43,AL
01003,507,500,7,507,98.62,100.0,AL
01005,15,14,1,14,93.33,93.33,AL
01007,7,7,0,7,100.0,100.0,AL
01009,35,35,0,35,100.0,100.0,AL
01011,6,6,0,6,100.0,100.0,AL
01013,21,21,0,21,100.0,100.0,AL
01015,207,206,1,206,99.52,99.52,AL
01017,16,16,0,16,100.0,100.0,AL
01019,10,9,1,10,90.0,100.0,AL
01021,34,34,0,34,100.0,100.0,AL
01025,11,11,0,11,100.0,100.0,AL
01027,1,1,0,1,100.0,100.0,AL
01029,6,6,0,6,100.0,100.0,AL
01031,41,40,1,41,97.56,100.0,AL
01033,84,84,0,84,100.0,100.0,AL
01035,1,1,0,1,100.0,100.0,AL
01039,15,15,0,15,100.0,100.0,AL
01041,3,3,0,3,100.0,100.0,AL
01043,75,70,5,71,93.33,94.67,AL
01045,33,33,0,33,100.0,100.0,AL
01047,34,32,2,34,94.12,100.0,AL
01049,35,33,2,34,94.29,97.14,AL
01051,88,84,4,88,95.45,100.0,AL
01053,24,24,0,24,100.0,100.0,AL
01055,162,159,3,161,98.15,99.38,AL
01057,3,2,1,2,66.67,66.67,AL
01059,15,15,0,15,100.0,100.0,AL
01061,6,6,0,6,100.0,100.0,AL
01063,1,1,0,1,100.0,100.0,AL
01065,1,1,0,1,100.0,100.0,AL
01067,10,10,0,10,100.0,100.0,AL
01069,243,243,0,243,100.0,100.0,AL
01071,24,24,0,24,100.0,100.0,AL
01073,2455,2440,15,2450,99.39,99.8,AL
01077,131,130,1,131,99.24,100.0,AL
01079,6,6,0,6,100.0,100.0,AL
01081,252,251,1,252,99.6,100.0,AL
01083,102,100,2,101,98.04,99.02,AL
01087,9,9,0,9,100.0,100.0,AL
01089,1099,1077,22,1096,98.0,99.73,AL
01091,24,21,3,23,87.5,95.83,AL
01093,13,13,0,13,100.0,100.0,AL
01095,116,115,1,116,99.14,100.0,AL
01097,1180,1174,6,1179,99.49,99.92,AL
01099,12,11,1,12,91.67,100.0,AL
01101,859,852,7,859,99.19,100.0,AL
01103,241,223,18,235,92.53,97.51,AL
01105,4,4,0,4,100.0,100.0,AL
01107,1,1,0,1,100.0,100.0,AL
01109,35,35,0,35,100.0,100.0,AL
01111,3,3,0,3,100.0,100.0,AL
01113,55,54,1,54,98.18,98.18,AL
01115,97,97,0,97,100.0,100.0,AL
01117,765,744,21,756,97.25,98.82,AL
01119,4,4,0,4,100.0,100.0,AL
01121,88,83,5,86,94.32,97.73,AL
01123,28,28,0,28,100.0,100.0,AL
01125,426,426,0,426,100.0,100.0,AL
01127,40,40,0,40,100.0,100.0,AL
01129,2,2,0,2,100.0,100.0,AL
01131,3,3,0,3,100.0,100.0,AL
01133,12,12,0,12,100.0,100.0,AL
02016,1,1,0,1,100.0,100.0,AK
02020,765,764,1,765,99.87,100.0,AK
02050,1,1,0,1,100.0,100.0,AK
02090,101,99,2,100,98.02,99.01,AK
02110,19,19,0,19,100.0,100.0,AK
02122,27,27,0,27,100.0,100.0,AK
02130,4,4,0,4,100.0,100.0,AK
02170,100,100,0,100,100.0,100.0,AK
02230,1,1,0,1,100.0,100.0,AK
04001,7,7,0,7,100.0,100.0,AZ
04003,149,149,0,149,100.0,100.0,AZ
04005,264,262,2,262,99.24,99.24,AZ
04007,55,55,0,55,100.0,100.0,AZ
04009,11,11,0,11,100.0,100.0,AZ
04011,3,3,0,3,100.0,100.0,AZ
04012,8,8,0,8,100.0,100.0,AZ
04013,17203,17174,29,17191,99.83,99.93,AZ
04015,407,405,2,406,99.51,99.75,AZ
04017,64,63,1,64,98.44,100.0,AZ
04019,3838,3818,20,3838,99.48,100.0,AZ
04021,493,492,1,493,99.8,100.0,AZ
04023,76,76,0,76,100.0,100.0,AZ
04025,669,664,5,669,99.25,100.0,AZ
04027,186,186,0,186,100.0,100.0,AZ
05001,11,11,0,11,100.0,100.0,AR
05003,11,11,0,11,100.0,100.0,AR
05005,24,23,1,24,95.83,100.0,AR
05007,891,885,6,888,99.33,99.66,AR
05009,25,25,0,25,100.0,100.0,AR
05011,6,6,0,6,100.0,100.0,AR
05013,1,1,0,1,100.0,100.0,AR
05015,12,12,0,12,100.0,100.0,AR
05017,5,5,0,5,100.0,100.0,AR
05019,26,26,0,26,100.0,100.0,AR
05021,5,5,0,5,100.0,100.0,AR
05023,9,9,0,9,100.0,100.0,AR
05025,3,3,0,3,100.0,100.0,AR
05027,13,13,0,13,100.0,100.0,AR
05029,14,12,2,14,85.71,100.0,AR
05031,292,289,3,290,98.97,99.32,AR
05033,84,84,0,84,100.0,100.0,AR
05035,89,89,0,89,100.0,100.0,AR
05037,9,9,0,9,100.0,100.0,AR
05039,5,5,0,5,100.0,100.0,AR
05041,8,8,0,8,100.0,100.0,AR
05043,16,16,0,16,100.0,100.0,AR
05045,321,320,1,321,99.69,100.0,AR
05047,7,7,0,7,100.0,100.0,AR
05049,3,3,0,3,100.0,100.0,AR
05051,219,219,0,219,100.0,100.0,AR
05053,17,17,0,17,100.0,100.0,AR
05055,39,39,0,39,100.0,100.0,AR
05057,20,19,1,19,95.0,95.0,AR
05059,34,33,1,34,97.06,100.0,AR
05061,8,8,0,8,100.0,100.0,AR
05063,24,24,0,24,100.0,100.0,AR
05065,5,5,0,5,100.0,100.0,AR
05067,13,13,0,13,100.0,100.0,AR
05069,97,97,0,97,100.0,100.0,AR
05071,14,14,0,14,100.0,100.0,AR
05073,4,4,0,4,100.0,100.0,AR
05075,7,7,0,7,100.0,100.0,AR
05077,4,4,0,4,100.0,100.0,AR
05079,4,4,0,4,100.0,100.0,AR
05081,6,6,0,6,100.0,100.0,AR
05083,7,7,0,7,100.0,100.0,AR
05085,109,109,0,109,100.0,100.0,AR
05087,4,4,0,4,100.0,100.0,AR
05089,3,3,0,3,100.0,100.0,AR
05091,31,31,0,31,100.0,100.0,AR
05093,37,37,0,37,100.0,100.0,AR
05095,3,3,0,3,100.0,100.0,AR
05097,2,2,0,2,100.0,100.0,AR
05099,2,2,0,2,100.0,100.0,AR
05101,1,1,0,1,100.0,100.0,AR
05103,16,15,1,16,93.75,100.0,AR
05105,3,3,0,3,100.0,100.0,AR
05107,9,9,0,9,100.0,100.0,AR
05109,5,5,0,5,100.0,100.0,AR
05111,16,16,0,16,100.0,100.0,AR
05113,4,4,0,4,100.0,100.0,AR
05115,87,87,0,87,100.0,100.0,AR
05117,1,1,0,1,100.0,100.0,AR
05119,1524,1517,7,1522,99.54,99.87,AR
05121,7,7,0,7,100.0,100.0,AR
05123,25,22,3,22,88.0,88.0,AR
05125,178,173,5,177,97.19,99.44,AR
05127,6,6,0,6,100.0,100.0,AR
05129,2,2,0,2,100.0,100.0,AR
05131,411,411,0,411,100.0,100.0,AR
05133,5,5,0,5,100.0,100.0,AR
05135,3,3,0,3,100.0,100.0,AR
05137,5,5,0,5,100.0,100.0,AR
05139,30,30,0,30,100.0,100.0,AR
05141,4,4,0,4,100.0,100.0,AR
05143,833,821,12,832,98.56,99.88,AR
05145,126,124,2,124,98.41,98.41,AR
05147,2,2,0,2,100.0,100.0,AR
05149,11,11,0,11,100.0,100.0,AR
06001,7541,7529,12,7540,99.84,99.99,CA
06003,1,1,0,1,100.0,100.0,CA
06005,62,61,1,61,98.39,98.39,CA
06007,691,685,6,690,99.13,99.86,CA
06009,50,49,1,50,98.0,100.0,CA
06011,21,21,0,21,100.0,100.0,CA
06013,3333,3263,70,3322,97.9,99.67,CA
06015,25,25,0,25,100.0,100.0,CA
06017,644,644,0,644,100.0,100.0,CA
06019,3251,3231,20,3246,99.38,99.85,CA
06021,37,36,1,37,97.3,100.0,CA
06023,289,288,1,289,99.65,100.0,CA
06025,292,285,7,290,97.6,99.32,CA
06027,19,19,0,19,100.0,100.0,CA
06029,1971,1970,1,1970,99.95,99.95,CA
06031,166,166,0,166,100.0,100.0,CA
06033,67,67,0,67,100.0,100.0,CA
06035,24,24,0,24,100.0,100.0,CA
06037,45288,45152,136,45194,99.7,99.79,CA
06039,255,241,14,255,94.51,100.0,CA
06041,1300,1299,1,1300,99.92,100.0,CA
06043,7,7,0,7,100.0,100.0,CA
06045,121,119,2,120,98.35,99.17,CA
06047,531,527,4,530,99.25,99.81,CA
06049,10,10,0,10,100.0,100.0,CA
06051,13,13,0,13,100.0,100.0,CA
06053,1130,1128,2,1130,99.82,100.0,CA
06055,634,634,0,634,100.0,100.0,CA
06057,339,337,2,339,99.41,100.0,CA
06059,15690,15659,31,15675,99.8,99.9,CA
06061,1764,1756,8,1760,99.55,99.77,CA
06063,19,19,0,19,100.0,100.0,CA
06065,7688,7665,23,7682,99.7,99.92,CA
06067,6662,6647,15,6661,99.77,99.98,CA
06069,123,123,0,123,100.0,100.0,CA
06071,8567,8493,74,8545,99.14,99.74,CA
06073,13917,13855,62,13889,99.55,99.8,CA
06075,5385,5377,8,5379,99.85,99.89,CA
06077,2149,2144,5,2144,99.77,99.77,CA
06079,1225,1212,13,1225,98.94,100.0,CA
06081,3616,3606,10,3609,99.72,99.81,CA
06083,1687,1679,8,1686,99.53,99.94,CA
06085,8934,8910,24,8924,99.73,99.89,CA
06087,1022,1019,3,1020,99.71,99.8,CA
06089,464,462,2,463,99.57,99.78,CA
06091,5,5,0,5,100.0,100.0,CA
06093,46,46,0,46,100.0,100.0,CA
06095,1437,1427,10,1431,99.3,99.58,CA
06097,2286,2241,45,2259,98.03,98.82,CA
06099,1592,1586,6,1590,99.62,99.87,CA
06101,343,340,3,342,99.13,99.71,CA
06103,61,61,0,61,100.0,100.0,CA
06105,6,6,0,6,100.0,100.0,CA
06107,1221,1218,3,1219,99.75,99.84,CA
06109,112,112,0,112,100.0,100.0,CA
06111,3295,3277,18,3288,99.45,99.79,CA
06113,902,898,4,902,99.56,100.0,CA
06115,130,130,0,130,100.0,100.0,CA
08001,1851,1851,0,1851,100.0,100.0,CO
08003,9,9,0,9,100.0,100.0,CO
08005,2599,2591,8,2597,99.69,99.92,CO
08007,7,7,0,7,100.0,100.0,CO
08009,2,2,0,2,100.0,100.0,CO
08011,2,2,0,2,100.0,100.0,CO
08013,1958,1953,5,1957,99.74,99.95,CO
08014,275,275,0,275,100.0,100.0,CO
08015,20,20,0,20,100.0,100.0,CO
08017,2,2,0,2,100.0,100.0,CO
08019,29,29,0,29,100.0,100.0,CO
08021,2,2,0,2,100.0,100.0,CO
08025,2,2,0,2,100.0,100.0,CO
08027,2,2,0,2,100.0,100.0,CO
08029,39,39,0,39,100.0,100.0,CO
08031,4458,4455,3,4458,99.93,100.0,CO
08033,2,2,0,2,100.0,100.0,CO
08035,828,821,7,828,99.15,100.0,CO
08037,108,107,1,108,99.07,100.0,CO
08039,25,25,0,25,100.0,100.0,CO
08041,2688,2684,4,2686,99.85,99.93,CO
08043,75,75,0,75,100.0,100.0,CO
08045,108,107,1,108,99.07,100.0,CO
08047,4,4,0,4,100.0,100.0,CO
08049,9,9,0,9,100.0,100.0,CO
08051,9,8,1,9,88.89,100.0,CO
08053,1,1,0,1,100.0,100.0,CO
08055,6,6,0,6,100.0,100.0,CO
08057,1,1,0,1,100.0,100.0,CO
08059,2109,2106,3,2108,99.86,99.95,CO
08061,1,1,0,1,100.0,100.0,CO
08063,1,1,0,1,100.0,100.0,CO
08065,7,7,0,7,100.0,100.0,CO
08067,106,105,1,106,99.06,100.0,CO
08069,1711,1697,14,1702,99.18,99.47,CO
08071,7,7,0,7,100.0,100.0,CO
08073,5,5,0,5,100.0,100.0,CO
08075,22,21,1,21,95.45,95.45,CO
08077,454,453,1,454,99.78,100.0,CO
08081,13,13,0,13,100.0,100.0,CO
08083,23,18,5,21,78.26,91.3,CO
08085,99,97,2,98,97.98,98.99,CO
08087,30,29,1,29,96.67,96.67,CO
08089,9,9,0,9,100.0,100.0,CO
08091,6,6,0,6,100.0,100.0,CO
08093,17,17,0,17,100.0,100.0,CO
08097,85,85,0,85,100.0,100.0,CO
08099,1,1,0,1,100.0,100.0,CO
08101,444,435,9,436,97.97,98.2,CO
08103,3,3,0,3,100.0,100.0,CO
08105,3,3,0,3,100.0,100.0,CO
08107,60,59,1,60,98.33,100.0,CO
08111,1,1,0,1,100.0,100.0,CO
08113,4,4,0,4,100.0,100.0,CO
08115,1,1,0,1,100.0,100.0,CO
08117,109,107,2,109,98.17,100.0,CO
08119,45,44,1,45,97.78,100.0,CO
08123,949,939,10,941,98.95,99.16,CO
08125,3,3,0,3,100.0,100.0,CO
09001,4649,4634,15,4637,99.68,99.74,CT
09003,3460,3444,16,3448,99.54,99.65,CT
09005,647,640,7,642,98.92,99.23,CT
09007,587,585,2,586,99.66,99.83,CT
09009,3480,3473,7,3476,99.8,99.89,CT
09011,809,801,8,809,99.01,100.0,CT
09013,255,255,0,255,100.0,100.0,CT
09015,244,243,1,244,99.59,100.0,CT
10001,423,422,1,422,99.76,99.76,DE
10003,1882,1867,15,1875,99.2,99.63,DE
10005,427,425,2,425,99.53,99.53,DE
11001,3190,3187,3,3188,99.91,99.94,DC
12001,913,818,95,902,89.59,98.8,FL
12003,31,25,6,27,80.65,87.1,FL
12005,666,656,10,663,98.5,99.55,FL
12007,36,34,2,34,94.44,94.44,FL
12009,2092,2084,8,2086,99.62,99.71,FL
12011,7553,7515,38,7537,99.5,99.79,FL
12013,15,15,0,15,100.0,100.0,FL
12015,591,590,1,590,99.83,99.83,FL
12017,218,218,0,218,100.0,100.0,FL
12019,539,521,18,537,96.66,99.63,FL
12021,1291,1280,11,1285,99.15,99.54,FL
12023,135,128,7,128,94.81,94.81,FL
12027,35,32,3,34,91.43,97.14,FL
12029,5,5,0,5,100.0,100.0,FL
12031,4473,4425,48,4454,98.93,99.58,FL
12033,1182,1135,47,1159,96.02,98.05,FL
12035,177,174,3,175,98.31,98.87,FL
12037,18,18,0,18,100.0,100.0,FL
12039,72,72,0,72,100.0,100.0,FL
12041,4,4,0,4,100.0,100.0,FL
12045,24,23,1,24,95.83,100.0,FL
12049,27,23,4,24,85.19,88.89,FL
12051,46,46,0,46,100.0,100.0,FL
12053,328,327,1,327,99.7,99.7,FL
12055,220,201,19,214,91.36,97.27,FL
12057,5690,5655,35,5662,99.38,99.51,FL
12059,4,4,0,4,100.0,100.0,FL
12061,414,410,4,411,99.03,99.28,FL
12063,66,65,1,66,98.48,100.0,FL
12065,26,26,0,26,100.0,100.0,FL
12067,3,3,0,3,100.0,100.0,FL
12069,930,918,12,928,98.71,99.78,FL
12071,3184,3150,34,3183,98.93,99.97,FL
12073,1424,1406,18,1423,98.74,99.93,FL
12075,22,21,1,22,95.45,100.0,FL
12077,5,5,0,5,100.0,100.0,FL
12079,26,26,0,26,100.0,100.0,FL
12081,1276,1266,10,1270,99.22,99.53,FL
12083,867,854,13,858,98.5,98.96,FL
12085,693,685,8,688,98.85,99.28,FL
12086,10087,10046,41,10073,99.59,99.86,FL
12087,201,201,0,201,100.0,100.0,FL
12089,193,190,3,193,98.45,100.0,FL
12091,674,640,34,646,94.96,95.85,FL
12093,63,61,2,61,96.83,96.83,FL
12095,5818,5780,38,5809,99.35,99.85,FL
12097,913,905,8,912,99.12,99.89,FL
12099,5137,5117,20,5127,99.61,99.81,FL
12101,1444,1401,43,1444,97.02,100.0,FL
12103,4623,4587,36,4607,99.22,99.65,FL
12105,1652,1627,25,1640,98.49,99.27,FL
12107,84,75,9,84,89.29,100.0,FL
12109,652,640,12,647,98.16,99.23,FL
12111,697,696,1,697,99.86,100.0,FL
12113,301,294,7,299,97.67,99.34,FL
12115,2088,2064,24,2073,98.85,99.28,FL
12117,2054,2019,35,2026,98.3,98.64,FL
12119,106,106,0,106,100.0,100.0,FL
12121,48,47,1,47,97.92,97.92,FL
12123,26,25,1,26,96.15,100.0,FL
12125,6,6,0,6,100.0,100.0,FL
12127,1660,1652,8,1653,99.52,99.58,FL
12129,52,52,0,52,100.0,100.0,FL
12131,166,163,3,164,98.19,98.8,FL
12133,14,14,0,14,100.0,100.0,FL
13001,9,9,0,9,100.0,100.0,GA
13003,5,5,0,5,100.0,100.0,GA
13005,2,2,0,2,100.0,100.0,GA
13009,60,60,0,60,100.0,100.0,GA
13011,17,17,0,17,100.0,100.0,GA
13013,216,214,2,215,99.07,99.54,GA
13015,421,410,11,413,97.39,98.1,GA
13017,10,10,0,10,100.0,100.0,GA
13019,8,7,1,8,87.5,100.0,GA
13021,782,781,1,782,99.87,100.0,GA
13023,4,4,0,4,100.0,100.0,GA
13025,4,4,0,4,100.0,100.0,GA
13027,11,11,0,11,100.0,100.0,GA
13029,58,58,0,58,100.0,100.0,GA
13031,127,126,1,126,99.21,99.21,GA
13033,11,11,0,11,100.0,100.0,GA
13035,25,22,3,25,88.0,100.0,GA
13039,76,76,0,76,100.0,100.0,GA
13043,5,3,2,4,60.0,80.0,GA
13045,274,271,3,274,98.91,100.0,GA
13047,75,73,2,73,97.33,97.33,GA
13049,2,2,0,2,100.0,100.0,GA
13051,1439,1407,32,1431,97.78,99.44,GA
13055,10,8,2,10,80.0,100.0,GA
13057,842,836,6,842,99.29,100.0,GA
13059,414,409,5,411,98.79,99.28,GA
13061,1,1,0,1,100.0,100.0,GA
13063,1017,1008,9,1015,99.12,99.8,GA
13065,2,2,0,2,100.0,100.0,GA
13067,3272,3211,61,3241,98.14,99.05,GA
13069,16,15,1,15,93.75,93.75,GA
13071,42,42,0,42,100.0,100.0,GA
13073,388,387,1,387,99.74,99.74,GA
13075,10,10,0,10,100.0,100.0,GA
13077,411,404,7,404,98.3,98.3,GA
13079,5,5,0,5,100.0,100.0,GA
13081,27,26,1,27,96.3,100.0,GA
13083,8,8,0,8,100.0,100.0,GA
13085,74,69,5,70,93.24,94.59,GA
13087,22,22,0,22,100.0,100.0,GA
13089,3219,3198,21,3209,99.35,99.69,GA
13091,7,7,0,7,100.0,100.0,GA
13093,5,5,0,5,100.0,100.0,GA
13095,217,216,1,216,99.54,99.54,GA
13097,439,432,7,439,98.41,100.0,GA
13099,3,3,0,3,100.0,100.0,GA
13101,2,2,0,2,100.0,100.0,GA
13103,86,85,1,85,98.84,98.84,GA
13105,24,24,0,24,100.0,100.0,GA
13107,7,6,1,6,85.71,85.71,GA
13109,6,6,0,6,100.0,100.0,GA
13111,16,16,0,16,100.0,100.0,GA
13113,577,564,13,567,97.75,98.27,GA
13115,246,244,2,246,99.19,100.0,GA
13117,1037,1035,2,1037,99.81,100.0,GA
13119,24,24,0,24,100.0,100.0,GA
13121,5797,5726,71,5741,98.78,99.03,GA
13123,29,25,4,25,86.21,86.21,GA
13125,1,1,0,1,100.0,100.0,GA
13127,246,246,0,246,100.0,100.0,GA
13129,106,103,3,103,97.17,97.17,GA
13131,16,16,0,16,100.0,100.0,GA
13133,34,34,0,34,100.0,100.0,GA
13135,4085,4044,41,4068,99.0,99.58,GA
13137,51,49,2,49,96.08,96.08,GA
13139,850,811,39,823,95.41,96.82,GA
13143,34,34,0,34,100.0,100.0,GA
13145,10,10,0,10,100.0,100.0,GA
13147,25,24,1,25,96.0,100.0,GA
13149,6,6,0,6,100.0,100.0,GA
13151,661,658,3,660,99.55,99.85,GA
13153,332,325,7,332,97.89,100.0,GA
13155,4,3,1,3,75.0,75.0,GA
13157,195,193,2,195,98.97,100.0,GA
13159,5,5,0,5,100.0,100.0,GA
13161,7,7,0,7,100.0,100.0,GA
13163,6,6,0,6,100.0,100.0,GA
13165,4,3,1,4,75.0,100.0,GA
13167,2,2,0,2,100.0,100.0,GA
13169,16,16,0,16,100.0,100.0,GA
13171,9,9,0,9,100.0,100.0,GA
13173,2,2,0,2,100.0,100.0,GA
13175,60,60,0,60,100.0,100.0,GA
13177,29,29,0,29,100.0,100.0,GA
13179,91,91,0,91,100.0,100.0,GA
13181,2,2,0,2,100.0,100.0,GA
13183,5,5,0,5,100.0,100.0,GA
13185,378,375,3,378,99.21,100.0,GA
13187,44,41,3,44,93.18,100.0,GA
13189,28,28,0,28,100.0,100.0,GA
13191,7,7,0,7,100.0,100.0,GA
13193,7,7,0,7,100.0,100.0,GA
13195,11,11,0,11,100.0,100.0,GA
13197,1,1,0,1,100.0,100.0,GA
13199,16,16,0,16,100.0,100.0,GA
13201,3,3,0,3,100.0,100.0,GA
13205,5,4,1,5,80.0,100.0,GA
13207,31,31,0,31,100.0,100.0,GA
13209,7,7,0,7,100.0,100.0,GA
13211,40,39,1,40,97.5,100.0,GA
13213,28,27,1,27,96.43,96.43,GA
13215,826,825,1,826,99.88,100.0,GA
13217,225,216,9,219,96.0,97.33,GA
13219,100,97,3,100,97.0,100.0,GA
13221,10,10,0,10,100.0,100.0,GA
13223,225,222,3,225,98.67,100.0,GA
13225,41,41,0,41,100.0,100.0,GA
13227,111,110,1,111,99.1,100.0,GA
13229,4,4,0,4,100.0,100.0,GA
13231,6,6,0,6,100.0,100.0,GA
13233,65,49,16,55,75.38,84.62,GA
13235,4,4,0,4,100.0,100.0,GA
13237,31,29,2,29,93.55,93.55,GA
13239,3,3,0,3,100.0,100.0,GA
13241,25,25,0,25,100.0,100.0,GA
13243,2,2,0,2,100.0,100.0,GA
13245,707,707,0,707,100.0,100.0,GA
13247,503,484,19,491,96.22,97.61,GA
13249,2,2,0,2,100.0,100.0,GA
13251,10,10,0,10,100.0,100.0,GA
13253,2,2,0,2,100.0,100.0,GA
13255,184,181,3,183,98.37,99.46,GA
13257,47,40,7,42,85.11,89.36,GA
13259,1,1,0,1,100.0,100.0,GA
13261,22,22,0,22,100.0,100.0,GA
13263,2,2,0,2,100.0,100.0,GA
13267,5,5,0,5,100.0,100.0,GA
13269,2,2,0,2,100.0,100.0,GA
13271,5,5,0,5,100.0,100.0,GA
13273,2,2,0,2,100.0,100.0,GA
13275,102,100,2,100,98.04,98.04,GA
13277,81,75,6,81,92.59,100.0,GA
13279,43,42,1,42,97.67,97.67,GA
13281,9,9,0,9,100.0,100.0,GA
13283,2,2,0,2,100.0,100.0,GA
13285,142,141,1,142,99.3,100.0,GA
13287,4,4,0,4,100.0,100.0,GA
13289,4,4,0,4,100.0,100.0,GA
13291,11,11,0,11,100.0,100.0,GA
13293,28,24,4,25,85.71,89.29,GA
13295,45,41,4,44,91.11,97.78,GA
13297,196,191,5,192,97.45,97.96,GA
13299,36,36,0,36,100.0,100.0,GA
13301,2,2,0,2,100.0,100.0,GA
13303,14,14,0,14,100.0,100.0,GA
13305,45,45,0,45,100.0,100.0,GA
13307,1,1,0,1,100.0,100.0,GA
13309,1,1,0,1,100.0,100.0,GA
13311,41,40,1,40,97.56,97.56,GA
13313,156,154,2,156,98.72,100.0,GA
13315,2,2,0,2,100.0,100.0,GA
13317,7,7,0,7,100.0,100.0,GA
13321,12,11,1,12,91.67,100.0,GA
15001,137,136,1,137,99.27,100.0,HI
15003,1551,1550,1,1551,99.94,100.0,HI
15007,123,123,0,123,100.0,100.0,HI
15009,454,445,9,448,98.02,98.68,HI
16001,2549,2545,4,2547,99.84,99.92,ID
16005,220,220,0,220,100.0,100.0,ID
16007,4,4,0,4,100.0,100.0,ID
16009,3,3,0,3,100.0,100.0,ID
16011,37,36,1,37,97.3,100.0,ID
16013,57,55,2,55,96.49,96.49,ID
16015,2,2,0,2,100.0,100.0,ID
16017,118,114,4,118,96.61,100.0,ID
16019,347,344,3,346,99.14,99.71,ID
16021,6,6,0,6,100.0,100.0,ID
16027,684,677,7,684,98.98,100.0,ID
16029,1,1,0,1,100.0,100.0,ID
16031,37,37,0,37,100.0,100.0,ID
16039,30,29,1,30,96.67,100.0,ID
16043,3,3,0,3,100.0,100.0,ID
16045,29,29,0,29,100.0,100.0,ID
16047,10,10,0,10,100.0,100.0,ID
16049,4,4,0,4,100.0,100.0,ID
16051,19,19,0,19,100.0,100.0,ID
16053,32,32,0,32,100.0,100.0,ID
16055,649,645,4,648,99.38,99.85,ID
16057,58,58,0,58,100.0,100.0,ID
16059,1,1,0,1,100.0,100.0,ID
16061,1,1,0,1,100.0,100.0,ID
16063,2,2,0,2,100.0,100.0,ID
16065,53,52,1,53,98.11,100.0,ID
16067,5,5,0,5,100.0,100.0,ID
16069,73,73,0,73,100.0,100.0,ID
16071,1,1,0,1,100.0,100.0,ID
16073,9,9,0,9,100.0,100.0,ID
16075,36,36,0,36,100.0,100.0,ID
16077,5,5,0,5,100.0,100.0,ID
16079,19,19,0,19,100.0,100.0,ID
16081,11,11,0,11,100.0,100.0,ID
16083,259,255,4,257,98.46,99.23,ID
16085,34,33,1,34,97.06,100.0,ID
16087,12,12,0,12,100.0,100.0,ID
17001,78,77,1,77,98.72,98.72,IL
17003,4,4,0,4,100.0,100.0,IL
17005,7,7,0,7,100.0,100.0,IL
17007,84,84,0,84,100.0,100.0,IL
17011,13,12,1,13,92.31,100.0,IL
17015,4,4,0,4,100.0,100.0,IL
17017,3,3,0,3,100.0,100.0,IL
17019,485,481,4,483,99.18,99.59,IL
17021,22,20,2,22,90.91,100.0,IL
17023,3,3,0,3,100.0,100.0,IL
17025,10,10,0,10,100.0,100.0,IL
17027,21,21,0,21,100.0,100.0,IL
17029,51,51,0,51,100.0,100.0,IL
17031,18824,18768,56,18812,99.7,99.94,IL
17033,5,5,0,5,100.0,100.0,IL
17035,1,1,0,1,100.0,100.0,IL
17037,250,245,5,249,98.0,99.6,IL
17039,8,8,0,8,100.0,100.0,IL
17041,6,6,0,6,100.0,100.0,IL
17043,4423,4373,50,4405,98.87,99.59,IL
17045,8,8,0,8,100.0,100.0,IL
17047,1,1,0,1,100.0,100.0,IL
17049,36,36,0,36,100.0,100.0,IL
17051,11,11,0,11,100.0,100.0,IL
17053,1,1,0,1,100.0,100.0,IL
17055,14,14,0,14,100.0,100.0,IL
17057,15,15,0,15,100.0,100.0,IL
17061,1,1,0,1,100.0,100.0,IL
17063,96,94,2,95,97.92,98.96,IL
17065,2,2,0,2,100.0,100.0,IL
17067,4,4,0,4,100.0,100.0,IL
17073,27,27,0,27,100.0,100.0,IL
17075,12,12,0,12,100.0,100.0,IL
17077,40,40,0,40,100.0,100.0,IL
17079,4,4,0,4,100.0,100.0,IL
17081,50,50,0,50,100.0,100.0,IL
17083,8,8,0,8,100.0,100.0,IL
17085,16,16,0,16,100.0,100.0,IL
17087,2,2,0,2,100.0,100.0,IL
17089,2027,2017,10,2019,99.51,99.61,IL
17091,197,190,7,193,96.45,97.97,IL
17093,253,244,9,252,96.44,99.6,IL
17095,56,56,0,56,100.0,100.0,IL
17097,2291,2243,48,2270,97.9,99.08,IL
17099,118,118,0,118,100.0,100.0,IL
17101,4,4,0,4,100.0,100.0,IL
17103,33,32,1,33,96.97,100.0,IL
17105,20,19,1,19,95.0,95.0,IL
17107,22,22,0,22,100.0,100.0,IL
17109,14,14,0,14,100.0,100.0,IL
17111,1050,1029,21,1044,98.0,99.43,IL
17113,374,368,6,373,98.4,99.73,IL
17115,145,139,6,145,95.86,100.0,IL
17117,16,15,1,16,93.75,100.0,IL
17119,704,696,8,703,98.86,99.86,IL
17121,22,22,0,22,100.0,100.0,IL
17123,5,5,0,5,100.0,100.0,IL
17125,2,2,0,2,100.0,100.0,IL
17127,2,2,0,2,100.0,100.0,IL
17129,3,3,0,3,100.0,100.0,IL
17131,11,10,1,11,90.91,100.0,IL
17133,50,48,2,48,96.0,96.0,IL
17135,30,27,3,30,90.0,100.0,IL
17137,22,21,1,22,95.45,100.0,IL
17139,2,2,0,2,100.0,100.0,IL
17141,56,55,1,55,98.21,98.21,IL
17143,462,457,5,459,98.92,99.35,IL
17145,4,4,0,4,100.0,100.0,IL
17147,6,6,0,6,100.0,100.0,IL
17149,1,1,0,1,100.0,100.0,IL
17151,1,1,0,1,100.0,100.0,IL
17153,2,2,0,2,100.0,100.0,IL
17155,1,1,0,1,100.0,100.0,IL
17157,15,15,0,15,100.0,100.0,IL
17159,7,7,0,7,100.0,100.0,IL
17161,253,253,0,253,100.0,100.0,IL
17163,756,742,14,754,98.15,99.74,IL
17165,8,8,0,8,100.0,100.0,IL
17167,482,477,5,479,98.96,99.38,IL
17169,2,2,0,2,100.0,100.0,IL
17171,1,1,0,1,100.0,100.0,IL
17173,4,4,0,4,100.0,100.0,IL
17175,1,1,0,1,100.0,100.0,IL
17177,47,47,0,47,100.0,100.0,IL
17179,220,214,6,217,97.27,98.64,IL
17181,6,6,0,6,100.0,100.0,IL
17183,69,69,0,69,100.0,100.0,IL
17185,2,2,0,2,100.0,100.0,IL
17187,8,8,0,8,100.0,100.0,IL
17189,4,4,0,4,100.0,100.0,IL
17191,4,4,0,4,100.0,100.0,IL
17193,3,3,0,3,100.0,100.0,IL
17195,41,41,0,41,100.0,100.0,IL
17197,1997,1971,26,1990,98.7,99.65,IL
17199,44,41,3,41,93.18,93.18,IL
17201,621,618,3,621,99.52,100.0,IL
17203,18,17,1,18,94.44,100.0,IL
18001,36,35,1,36,97.22,100.0,IN
18003,1207,1198,9,1200,99.25,99.42,IN
18005,239,238,1,238,99.58,99.58,IN
18007,4,4,0,4,100.0,100.0,IN
18009,5,5,0,5,100.0,100.0,IN
18011,214,211,3,214,98.6,100.0,IN
18013,7,7,0,7,100.0,100.0,IN
18015,17,17,0,17,100.0,100.0,IN
18017,26,26,0,26,100.0,100.0,IN
18019,363,355,8,359,97.8,98.9,IN
18021,10,9,1,9,90.0,90.0,IN
18023,26,26,0,26,100.0,100.0,IN
18025,4,4,0,4,100.0,100.0,IN
18027,10,10,0,10,100.0,100.0,IN
18029,58,58,0,58,100.0,100.0,IN
18031,41,41,0,41,100.0,100.0,IN
18033,60,60,0,60,100.0,100.0,IN
18035,314,314,0,314,100.0,100.0,IN
18037,40,39,1,40,97.5,100.0,IN
18039,621,614,7,620,98.87,99.84,IN
18041,20,20,0,20,100.0,100.0,IN
18043,240,232,8,239,96.67,99.58,IN
18045,8,8,0,8,100.0,100.0,IN
18047,16,16,0,16,100.0,100.0,IN
18049,12,11,1,12,91.67,100.0,IN
18051,25,25,0,25,100.0,100.0,IN
18053,116,114,2,115,98.28,99.14,IN
18055,9,8,1,8,88.89,88.89,IN
18057,1173,1167,6,1172,99.49,99.91,IN
18059,156,156,0,156,100.0,100.0,IN
18061,33,32,1,33,96.97,100.0,IN
18063,469,468,1,468,99.79,99.79,IN
18065,80,80,0,80,100.0,100.0,IN
18067,162,161,1,161,99.38,99.38,IN
18069,48,48,0,48,100.0,100.0,IN
18071,65,65,0,65,100.0,100.0,IN
18073,26,25,1,26,96.15,100.0,IN
18075,13,13,0,13,100.0,100.0,IN
18077,26,25,1,26,96.15,100.0,IN
18079,15,14,1,14,93.33,93.33,IN
18081,481,466,15,468,96.88,97.3,IN
18083,33,33,0,33,100.0,100.0,IN
18085,126,125,1,126,99.21,100.0,IN
18087,18,18,0,18,100.0,100.0,IN
18089,1342,1332,10,1339,99.25,99.78,IN
18091,162,160,2,160,98.77,98.77,IN
18093,33,33,0,33,100.0,100.0,IN
18095,277,271,6,274,97.83,98.92,IN
18097,4463,4450,13,4461,99.71,99.96,IN
18099,78,78,0,78,100.0,100.0,IN
18101,2,2,0,2,100.0,100.0,IN
18103,34,31,3,33,91.18,97.06,IN
18105,348,346,2,346,99.43,99.43,IN
18107,53,51,2,52,96.23,98.11,IN
18109,120,116,4,120,96.67,100.0,IN
18111,10,10,0,10,100.0,100.0,IN
18113,50,50,0,50,100.0,100.0,IN
18115,6,6,0,6,100.0,100.0,IN
18117,8,8,0,8,100.0,100.0,IN
18119,4,4,0,4,100.0,100.0,IN
18121,9,9,0,9,100.0,100.0,IN
18123,8,8,0,8,100.0,100.0,IN
18125,4,4,0,4,100.0,100.0,IN
18127,411,396,15,397,96.35,96.59,IN
18129,13,13,0,13,100.0,100.0,IN
18131,6,6,0,6,100.0,100.0,IN
18133,39,38,1,39,97.44,100.0,IN
18135,13,13,0,13,100.0,100.0,IN
18137,12,11,1,12,91.67,100.0,IN
18139,17,17,0,17,100.0,100.0,IN
18141,678,669,9,675,98.67,99.56,IN
18143,20,17,3,18,85.0,90.0,IN
18145,97,96,1,97,98.97,100.0,IN
18147,5,5,0,5,100.0,100.0,IN
18149,16,16,0,16,100.0,100.0,IN
18151,65,63,2,65,96.92,100.0,IN
18153,9,8,1,9,88.89,100.0,IN
18155,4,3,1,4,75.0,100.0,IN
18157,439,437,2,437,99.54,99.54,IN
18159,11,11,0,11,100.0,100.0,IN
18161,2,2,0,2,100.0,100.0,IN
18163,646,644,2,645,99.69,99.85,IN
18165,4,4,0,4,100.0,100.0,IN
18167,212,211,1,212,99.53,100.0,IN
18169,21,21,0,21,100.0,100.0,IN
18171,3,3,0,3,100.0,100.0,IN
18173,81,80,1,81,98.77,100.0,IN
18175,17,16,1,17,94.12,100.0,IN
18177,111,109,2,110,98.2,99.1,IN
18179,41,41,0,41,100.0,100.0,IN
18181,21,21,0,21,100.0,100.0,IN
18183,46,46,0,46,100.0,100.0,IN
19001,10,10,0,10,100.0,100.0,IA
19003,1,1,0,1,100.0,100.0,IA
19005,5,5,0,5,100.0,100.0,IA
19007,3,3,0,3,100.0,100.0,IA
19009,3,3,0,3,100.0,100.0,IA
19011,8,8,0,8,100.0,100.0,IA
19013,257,255,2,257,99.22,100.0,IA
19015,25,25,0,25,100.0,100.0,IA
19017,16,16,0,16,100.0,100.0,IA
19019,10,9,1,10,90.0,100.0,IA
19021,10,10,0,10,100.0,100.0,IA
19023,5,4,1,5,80.0,100.0,IA
19025,6,6,0,6,100.0,100.0,IA
19027,19,19,0,19,100.0,100.0,IA
19029,11,11,0,11,100.0,100.0,IA
19031,6,6,0,6,100.0,100.0,IA
19033,93,89,4,89,95.7,95.7,IA
19035,6,6,0,6,100.0,100.0,IA
19037,5,5,0,5,100.0,100.0,IA
19041,22,22,0,22,100.0,100.0,IA
19043,7,7,0,7,100.0,100.0,IA
19045,53,53,0,53,100.0,100.0,IA
19047,7,7,0,7,100.0,100.0,IA
19049,172,168,4,172,97.67,100.0,IA
19051,6,6,0,6,100.0,100.0,IA
19053,1,1,0,1,100.0,100.0,IA
19055,1,1,0,1,100.0,100.0,IA
19057,43,43,0,43,100.0,100.0,IA
19059,13,13,0,13,100.0,100.0,IA
19061,162,162,0,162,100.0,100.0,IA
19063,9,9,0,9,100.0,100.0,IA
19065,7,7,0,7,100.0,100.0,IA
19067,10,10,0,10,100.0,100.0,IA
19069,7,7,0,7,100.0,100.0,IA
19071,2,2,0,2,100.0,100.0,IA
19073,3,3,0,3,100.0,100.0,IA
19075,5,5,0,5,100.0,100.0,IA
19077,9,8,1,9,88.89,100.0,IA
19079,12,12,0,12,100.0,100.0,IA
19081,3,3,0,3,100.0,100.0,IA
19083,8,8,0,8,100.0,100.0,IA
19085,8,8,0,8,100.0,100.0,IA
19087,10,10,0,10,100.0,100.0,IA
19089,1,1,0,1,100.0,100.0,IA
19091,9,9,0,9,100.0,100.0,IA
19093,2,2,0,2,100.0,100.0,IA
19095,8,8,0,8,100.0,100.0,IA
19097,12,12,0,12,100.0,100.0,IA
19099,42,41,1,41,97.62,97.62,IA
19101,3,3,0,3,100.0,100.0,IA
19103,312,308,4,311,98.72,99.68,IA
19105,11,11,0,11,100.0,100.0,IA
19107,5,5,0,5,100.0,100.0,IA
19109,6,6,0,6,100.0,100.0,IA
19111,16,15,1,15,93.75,93.75,IA
19113,627,621,6,625,99.04,99.68,IA
19115,1,1,0,1,100.0,100.0,IA
19117,1,1,0,1,100.0,100.0,IA
19119,5,4,1,5,80.0,100.0,IA
19121,13,13,0,13,100.0,100.0,IA
19123,13,13,0,13,100.0,100.0,IA
19125,16,16,0,16,100.0,100.0,IA
19127,31,31,0,31,100.0,100.0,IA
19129,10,10,0,10,100.0,100.0,IA
19131,1,1,0,1,100.0,100.0,IA
19133,6,6,0,6,100.0,100.0,IA
19135,3,3,0,3,100.0,100.0,IA
19137,5,5,0,5,100.0,100.0,IA
19139,30,30,0,30,100.0,100.0,IA
19141,7,7,0,7,100.0,100.0,IA
19143,1,1,0,1,100.0,100.0,IA
19145,7,7,0,7,100.0,100.0,IA
19147,3,3,0,3,100.0,100.0,IA
19149,11,9,2,9,81.82,81.82,IA
19151,1,1,0,1,100.0,100.0,IA
19153,1806,1789,17,1798,99.06,99.56,IA
19155,216,214,2,215,99.07,99.54,IA
19157,8,8,0,8,100.0,100.0,IA
19159,2,2,0,2,100.0,100.0,IA
19161,3,3,0,3,100.0,100.0,IA
19163,447,447,0,447,100.0,100.0,IA
19165,12,12,0,12,100.0,100.0,IA
19167,8,8,0,8,100.0,100.0,IA
19169,191,191,0,191,100.0,100.0,IA
19171,8,8,0,8,100.0,100.0,IA
19173,2,2,0,2,100.0,100.0,IA
19175,9,9,0,9,100.0,100.0,IA
19177,4,4,0,4,100.0,100.0,IA
19179,21,21,0,21,100.0,100.0,IA
19181,66,66,0,66,100.0,100.0,IA
19183,8,8,0,8,100.0,100.0,IA
19185,2,2,0,2,100.0,100.0,IA
19187,43,41,2,42,95.35,97.67,IA
19189,5,5,0,5,100.0,100.0,IA
19191,14,14,0,14,100.0,100.0,IA
19193,219,219,0,219,100.0,100.0,IA
19195,4,4,0,4,100.0,100.0,IA
19197,9,9,0,9,100.0,100.0,IA
20001,5,5,0,5,100.0,100.0,KS
20003,1,1,0,1,100.0,100.0,KS
20005,8,8,0,8,100.0,100.0,KS
20007,4,4,0,4,100.0,100.0,KS
20009,34,34,0,34,100.0,100.0,KS
20011,12,12,0,12,100.0,100.0,KS
20013,5,5,0,5,100.0,100.0,KS
20015,68,67,1,67,98.53,98.53,KS
20017,1,1,0,1,100.0,100.0,KS
20021,3,3,0,3,100.0,100.0,KS
20025,1,1,0,1,100.0,100.0,KS
20027,4,4,0,4,100.0,100.0,KS
20029,5,5,0,5,100.0,100.0,KS
20031,3,3,0,3,100.0,100.0,KS
20033,3,3,0,3,100.0,100.0,KS
20035,30,30,0,30,100.0,100.0,KS
20037,33,33,0,33,100.0,100.0,KS
20041,4,4,0,4,100.0,100.0,KS
20043,3,3,0,3,100.0,100.0,KS
20045,392,389,3,391,99.23,99.74,KS
20047,2,2,0,2,100.0,100.0,KS
20049,1,1,0,1,100.0,100.0,KS
20051,38,38,0,38,100.0,100.0,KS
20053,4,4,0,4,100.0,100.0,KS
20055,61,59,2,60,96.72,98.36,KS
20057,39,38,1,39,97.44,100.0,KS
20059,32,32,0,32,100.0,100.0,KS
20061,29,29,0,29,100.0,100.0,KS
20063,2,2,0,2,100.0,100.0,KS
20065,2,2,0,2,100.0,100.0,KS
20067,1,1,0,1,100.0,100.0,KS
20069,4,4,0,4,100.0,100.0,KS
20071,1,1,0,1,100.0,100.0,KS
20073,1,1,0,1,100.0,100.0,KS
20077,1,1,0,1,100.0,100.0,KS
20079,48,48,0,48,100.0,100.0,KS
20085,6,6,0,6,100.0,100.0,KS
20087,6,6,0,6,100.0,100.0,KS
20091,2872,2868,4,2870,99.86,99.93,KS
20095,5,5,0,5,100.0,100.0,KS
20097,4,4,0,4,100.0,100.0,KS
20099,12,12,0,12,100.0,100.0,KS
20103,116,114,2,116,98.28,100.0,KS
20105,5,5,0,5,100.0,100.0,KS
20107,3,3,0,3,100.0,100.0,KS
20109,1,1,0,1,100.0,100.0,KS
20111,34,34,0,34,100.0,100.0,KS
20113,26,26,0,26,100.0,100.0,KS
20115,3,3,0,3,100.0,100.0,KS
20117,4,4,0,4,100.0,100.0,KS
20119,1,1,0,1,100.0,100.0,KS
20121,45,45,0,45,100.0,100.0,KS
20123,1,1,0,1,100.0,100.0,KS
20125,18,18,0,18,100.0,100.0,KS
20127,1,1,0,1,100.0,100.0,KS
20129,2,2,0,2,100.0,100.0,KS
20131,2,2,0,2,100.0,100.0,KS
20133,12,12,0,12,100.0,100.0,KS
20135,2,2,0,2,100.0,100.0,KS
20137,1,1,0,1,100.0,100.0,KS
20139,1,1,0,1,100.0,100.0,KS
20141,1,1,0,1,100.0,100.0,KS
20145,4,4,0,4,100.0,100.0,KS
20147,2,2,0,2,100.0,100.0,KS
20149,11,11,0,11,100.0,100.0,KS
20151,7,7,0,7,100.0,100.0,KS
20153,3,3,0,3,100.0,100.0,KS
20155,64,64,0,64,100.0,100.0,KS
20159,3,3,0,3,100.0,100.0,KS
20161,80,80,0,80,100.0,100.0,KS
20163,3,3,0,3,100.0,100.0,KS
20165,4,4,0,4,100.0,100.0,KS
20167,5,5,0,5,100.0,100.0,KS
20169,101,101,0,101,100.0,100.0,KS
20171,2,2,0,2,100.0,100.0,KS
20173,1740,1728,12,1739,99.31,99.94,KS
20175,21,21,0,21,100.0,100.0,KS
20177,525,522,3,524,99.43,99.81,KS
20181,1,1,0,1,100.0,100.0,KS
20183,1,1,0,1,100.0,100.0,KS
20185,3,3,0,3,100.0,100.0,KS
20187,1,1,0,1,100.0,100.0,KS
20189,1,1,0,1,100.0,100.0,KS
20191,21,21,0,21,100.0,100.0,KS
20193,8,8,0,8,100.0,100.0,KS
20197,2,2,0,2,100.0,100.0,KS
20199,2,2,0,2,100.0,100.0,KS
20201,1,1,0,1,100.0,100.0,KS
20205,3,3,0,3,100.0,100.0,KS
20207,1,1,0,1,100.0,100.0,KS
20209,639,635,4,639,99.37,100.0,KS
21001,7,7,0,7,100.0,100.0,KY
21003,6,6,0,6,100.0,100.0,KY
21005,22,21,1,21,95.45,95.45,KY
21007,3,3,0,3,100.0,100.0,KY
21009,36,36,0,36,100.0,100.0,KY
21013,6,6,0,6,100.0,100.0,KY
21015,544,543,1,544,99.82,100.0,KY
21017,25,25,0,25,100.0,100.0,KY
21019,93,93,0,93,100.0,100.0,KY
21021,44,44,0,44,100.0,100.0,KY
21023,3,3,0,3,100.0,100.0,KY
21025,1,1,0,1,100.0,100.0,KY
21027,3,3,0,3,100.0,100.0,KY
21029,115,113,2,113,98.26,98.26,KY
21031,3,3,0,3,100.0,100.0,KY
21033,4,4,0,4,100.0,100.0,KY
21035,25,21,4,24,84.0,96.0,KY
21037,240,232,8,240,96.67,100.0,KY
21039,1,1,0,1,100.0,100.0,KY
21041,8,8,0,8,100.0,100.0,KY
21043,7,6,1,7,85.71,100.0,KY
21045,1,1,0,1,100.0,100.0,KY
21047,67,62,5,67,92.54,100.0,KY
21049,100,100,0,100,100.0,100.0,KY
21051,1,1,0,1,100.0,100.0,KY
21053,3,2,1,3,66.67,100.0,KY
21055,2,2,0,2,100.0,100.0,KY
21059,158,157,1,158,99.37,100.0,KY
21065,4,4,0,4,100.0,100.0,KY
21067,1242,1239,3,1240,99.76,99.84,KY
21069,1,1,0,1,100.0,100.0,KY
21071,10,10,0,10,100.0,100.0,KY
21073,180,173,7,178,96.11,98.89,KY
21075,1,1,0,1,100.0,100.0,KY
21077,3,3,0,3,100.0,100.0,KY
21079,3,3,0,3,100.0,100.0,KY
21081,49,49,0,49,100.0,100.0,KY
21083,10,10,0,10,100.0,100.0,KY
21085,12,11,1,11,91.67,91.67,KY
21087,2,2,0,2,100.0,100.0,KY
21089,20,20,0,20,100.0,100.0,KY
21093,164,159,5,162,96.95,98.78,KY
21095,4,4,0,4,100.0,100.0,KY
21097,9,9,0,9,100.0,100.0,KY
21099,10,10,0,10,100.0,100.0,KY
21101,58,58,0,58,100.0,100.0,KY
21103,8,8,0,8,100.0,100.0,KY
21107,30,30,0,30,100.0,100.0,KY
21111,3080,3073,7,3076,99.77,99.87,KY
21113,164,162,2,163,98.78,99.39,KY
21115,1,1,0,1,100.0,100.0,KY
21117,487,481,6,487,98.77,100.0,KY
21119,1,1,0,1,100.0,100.0,KY
21121,11,10,1,11,90.91,100.0,KY
21123,2,2,0,2,100.0,100.0,KY
21125,33,33,0,33,100.0,100.0,KY
21127,1,1,0,1,100.0,100.0,KY
21129,1,1,0,1,100.0,100.0,KY
21131,2,2,0,2,100.0,100.0,KY
21133,4,4,0,4,100.0,100.0,KY
21135,1,1,0,1,100.0,100.0,KY
21137,7,7,0,7,100.0,100.0,KY
21139,1,1,0,1,100.0,100.0,KY
21141,11,11,0,11,100.0,100.0,KY
21143,4,4,0,4,100.0,100.0,KY
21145,120,120,0,120,100.0,100.0,KY
21147,2,2,0,2,100.0,100.0,KY
21149,1,1,0,1,100.0,100.0,KY
21151,148,148,0,148,100.0,100.0,KY
21153,1,1,0,1,100.0,100.0,KY
21155,9,9,0,9,100.0,100.0,KY
21157,7,7,0,7,100.0,100.0,KY
21159,2,2,0,2,100.0,100.0,KY
21161,11,11,0,11,100.0,100.0,KY
21163,11,11,0,11,100.0,100.0,KY
21167,27,27,0,27,100.0,100.0,KY
21171,2,2,0,2,100.0,100.0,KY
21173,30,27,3,27,90.0,90.0,KY
21175,1,1,0,1,100.0,100.0,KY
21177,11,11,0,11,100.0,100.0,KY
21179,66,65,1,65,98.48,98.48,KY
21183,1,1,0,1,100.0,100.0,KY
21185,111,106,5,110,95.5,99.1,KY
21187,3,3,0,3,100.0,100.0,KY
21191,6,6,0,6,100.0,100.0,KY
21193,11,11,0,11,100.0,100.0,KY
21195,21,19,2,19,90.48,90.48,KY
21197,10,9,1,9,90.0,90.0,KY
21199,35,35,0,35,100.0,100.0,KY
21203,2,2,0,2,100.0,100.0,KY
21205,13,13,0,13,100.0,100.0,KY
21207,2,2,0,2,100.0,100.0,KY
21209,115,114,1,114,99.13,99.13,KY
21211,89,87,2,87,97.75,97.75,KY
21213,31,31,0,31,100.0,100.0,KY
21215,13,13,0,13,100.0,100.0,KY
21217,29,28,1,28,96.55,96.55,KY
21219,3,3,0,3,100.0,100.0,KY
21221,4,4,0,4,100.0,100.0,KY
21225,4,4,0,4,100.0,100.0,KY
21227,296,293,3,294,98.99,99.32,KY
21229,11,11,0,11,100.0,100.0,KY
21231,9,9,0,9,100.0,100.0,KY
21233,3,3,0,3,100.0,100.0,KY
21235,13,13,0,13,100.0,100.0,KY
21239,53,50,3,50,94.34,94.34,KY
22001,21,21,0,21,100.0,100.0,LA
22003,6,6,0,6,100.0,100.0,LA
22005,253,250,3,251,98.81,99.21,LA
22007,2,2,0,2,100.0,100.0,LA
22009,12,12,0,12,100.0,100.0,LA
22011,15,15,0,15,100.0,100.0,LA
22013,3,3,0,3,100.0,100.0,LA
22015,299,298,1,298,99.67,99.67,LA
22017,659,654,5,657,99.24,99.7,LA
22019,354,351,3,351,99.15,99.15,LA
22021,3,3,0,3,100.0,100.0,LA
22025,2,2,0,2,100.0,100.0,LA
22027,6,6,0,6,100.0,100.0,LA
22029,4,4,0,4,100.0,100.0,LA
22031,12,12,0,12,100.0,100.0,LA
22033,1803,1785,18,1803,99.0,100.0,LA
22035,1,1,0,1,100.0,100.0,LA
22037,7,7,0,7,100.0,100.0,LA
22039,8,8,0,8,100.0,100.0,LA
22041,6,6,0,6,100.0,100.0,LA
22043,3,3,0,3,100.0,100.0,LA
22045,73,73,0,73,100.0,100.0,LA
22047,27,27,0,27,100.0,100.0,LA
22049,1,1,0,1,100.0,100.0,LA
22051,1456,1450,6,1456,99.59,100.0,LA
22053,12,11,1,12,91.67,100.0,LA
22055,802,789,13,801,98.38,99.88,LA
22057,50,50,0,50,100.0,100.0,LA
22059,2,2,0,2,100.0,100.0,LA
22061,37,37,0,37,100.0,100.0,LA
22063,116,106,10,113,91.38,97.41,LA
22065,4,4,0,4,100.0,100.0,LA
22067,13,13,0,13,100.0,100.0,LA
22069,13,13,0,13,100.0,100.0,LA
22071,1153,1151,2,1153,99.83,100.0,LA
22073,287,287,0,287,100.0,100.0,LA
22075,39,39,0,39,100.0,100.0,LA
22077,9,9,0,9,100.0,100.0,LA
22079,160,160,0,160,100.0,100.0,LA
22081,2,2,0,2,100.0,100.0,LA
22083,6,6,0,6,100.0,100.0,LA
22085,6,6,0,6,100.0,100.0,LA
22087,100,98,2,100,98.0,100.0,LA
22089,62,59,3,61,95.16,98.39,LA
22093,7,5,2,7,71.43,100.0,LA
22095,68,66,2,66,97.06,97.06,LA
22097,39,39,0,39,100.0,100.0,LA
22099,31,31,0,31,100.0,100.0,LA
22101,27,26,1,26,96.3,96.3,LA
22103,801,797,4,798,99.5,99.63,LA
22105,167,166,1,166,99.4,99.4,LA
22109,168,168,0,168,100.0,100.0,LA
22111,10,9,1,10,90.0,100.0,LA
22113,30,30,0,30,100.0,100.0,LA
22115,15,15,0,15,100.0,100.0,LA
22117,13,12,1,13,92.31,100.0,LA
22119,24,24,0,24,100.0,100.0,LA
22121,36,36,0,36,100.0,100.0,LA
22123,3,3,0,3,100.0,100.0,LA
22125,5,5,0,5,100.0,100.0,LA
22127,1,1,0,1,100.0,100.0,LA
23001,255,255,0,255,100.0,100.0,ME
23003,32,31,1,32,96.88,100.0,ME
23005,1383,1375,8,1381,99.42,99.86,ME
23007,24,24,0,24,100.0,100.0,ME
23009,30,27,3,30,90.0,100.0,ME
23011,255,254,1,255,99.61,100.0,ME
23013,72,71,1,72,98.61,100.0,ME
23015,51,50,1,51,98.04,100.0,ME
23017,53,53,0,53,100.0,100.0,ME
23019,227,227,0,227,100.0,100.0,ME
23021,4,4,0,4,100.0,100.0,ME
23023,68,68,0,68,100.0,100.0,ME
23025,29,29,0,29,100.0,100.0,ME
23027,25,24,1,25,96.0,100.0,ME
23029,8,8,0,8,100.0,100.0,ME
23031,459,457,2,459,99.56,100.0,ME
24001,114,113,1,113,99.12,99.12,MD
24003,1830,1810,20,1826,98.91,99.78,MD
24005,2599,2596,3,2597,99.88,99.92,MD
24009,186,186,0,186,100.0,100.0,MD
24011,34,34,0,34,100.0,100.0,MD
24013,400,395,5,396,98.75,99.0,MD
24015,192,188,4,189,97.92,98.44,MD
24017,364,360,4,364,98.9,100.0,MD
24019,67,67,0,67,100.0,100.0,MD
24021,860,858,2,859,99.77,99.88,MD
24023,28,28,0,28,100.0,100.0,MD
24025,718,707,11,713,98.47,99.3,MD
24027,1179,1179,0,1179,100.0,100.0,MD
24029,37,36,1,37,97.3,100.0,MD
24031,2613,2611,2,2612,99.92,99.96,MD
24033,2161,2158,3,2161,99.86,100.0,MD
24035,145,140,5,145,96.55,100.0,MD
24037,236,236,0,236,100.0,100.0,MD
24039,20,20,0,20,100.0,100.0,MD
24041,123,118,5,122,95.93,99.19,MD
24043,448,444,4,445,99.11,99.33,MD
24045,300,299,1,300,99.67,100.0,MD
24047,118,116,2,118,98.31,100.0,MD
24510,2421,2417,4,2419,99.83,99.92,MD
25001,832,831,1,832,99.88,100.0,MA
25003,214,214,0,214,100.0,100.0,MA
25005,1518,1514,4,1515,99.74,99.8,MA
25007,8,8,0,8,100.0,100.0,MA
25009,2267,2264,3,2265,99.87,99.91,MA
25011,97,97,0,97,100.0,100.0,MA
25013,1071,1071,0,1071,100.0,100.0,MA
25015,335,335,0,335,100.0,100.0,MA
25017,6080,6050,30,6063,99.51,99.72,MA
25019,7,7,0,7,100.0,100.0,MA
25021,2555,2550,5,2555,99.8,100.0,MA
25023,1520,1518,2,1520,99.87,100.0,MA
25025,2446,2418,28,2422,98.86,99.02,MA
25027,2331,2322,9,2330,99.61,99.96,MA
26001,3,3,0,3,100.0,100.0,MI
26003,1,1,0,1,100.0,100.0,MI
26005,180,179,1,179,99.44,99.44,MI
26007,16,12,4,12,75.0,75.0,MI
26009,11,11,0,11,100.0,100.0,MI
26011,5,4,1,4,80.0,80.0,MI
26013,1,1,0,1,100.0,100.0,MI
26015,41,39,2,39,95.12,95.12,MI
26017,161,160,1,161,99.38,100.0,MI
26019,12,12,0,12,100.0,100.0,MI
26021,299,295,4,298,98.66,99.67,MI
26023,48,47,1,47,97.92,97.92,MI
26025,265,264,1,265,99.62,100.0,MI
26027,32,30,2,30,93.75,93.75,MI
26029,18,17,1,17,94.44,94.44,MI
26031,23,22,1,23,95.65,100.0,MI
26033,21,19,2,21,90.48,100.0,MI
26035,16,16,0,16,100.0,100.0,MI
26037,106,105,1,105,99.06,99.06,MI
26039,8,8,0,8,100.0,100.0,MI
26041,37,37,0,37,100.0,100.0,MI
26043,25,25,0,25,100.0,100.0,MI
26045,263,262,1,263,99.62,100.0,MI
26047,45,45,0,45,100.0,100.0,MI
26049,924,920,4,923,99.57,99.89,MI
26051,8,8,0,8,100.0,100.0,MI
26053,5,5,0,5,100.0,100.0,MI
26055,377,371,6,372,98.41,98.67,MI
26057,31,30,1,31,96.77,100.0,MI
26059,29,28,1,29,96.55,100.0,MI
26061,15,15,0,15,100.0,100.0,MI
26063,14,14,0,14,100.0,100.0,MI
26065,1122,1114,8,1119,99.29,99.73,MI
26067,71,69,2,70,97.18,98.59,MI
26069,10,10,0,10,100.0,100.0,MI
26071,4,4,0,4,100.0,100.0,MI
26073,124,123,1,123,99.19,99.19,MI
26075,288,287,1,287,99.65,99.65,MI
26077,847,846,1,847,99.88,100.0,MI
26079,10,10,0,10,100.0,100.0,MI
26081,2523,2500,23,2513,99.09,99.6,MI
26085,4,4,0,4,100.0,100.0,MI
26087,184,184,0,184,100.0,100.0,MI
26089,26,26,0,26,100.0,100.0,MI
26091,158,157,1,157,99.37,99.37,MI
26093,568,566,2,566,99.65,99.65,MI
26095,3,3,0,3,100.0,100.0,MI
26097,3,3,0,3,100.0,100.0,MI
26099,3763,3742,21,3761,99.44,99.95,MI
26101,14,14,0,14,100.0,100.0,MI
26103,64,63,1,64,98.44,100.0,MI
26105,32,27,5,32,84.38,100.0,MI
26107,37,35,2,36,94.59,97.3,MI
26109,6,6,0,6,100.0,100.0,MI
26111,149,149,0,149,100.0,100.0,MI
26113,3,3,0,3,100.0,100.0,MI
26115,269,269,0,269,100.0,100.0,MI
26117,68,67,1,68,98.53,100.0,MI
26119,5,5,0,5,100.0,100.0,MI
26121,397,396,1,397,99.75,100.0,MI
26123,51,51,0,51,100.0,100.0,MI
26125,6649,6641,8,6645,99.88,99.94,MI
26127,14,13,1,14,92.86,100.0,MI
26129,13,12,1,13,92.31,100.0,MI
26131,3,3,0,3,100.0,100.0,MI
26133,11,11,0,11,100.0,100.0,MI
26135,3,3,0,3,100.0,100.0,MI
26137,42,42,0,42,100.0,100.0,MI
26139,795,794,1,795,99.87,100.0,MI
26141,3,3,0,3,100.0,100.0,MI
26143,19,18,1,18,94.74,94.74,MI
26145,371,368,3,371,99.19,100.0,MI
26147,369,369,0,369,100.0,100.0,MI
26149,57,56,1,57,98.25,100.0,MI
26151,21,21,0,21,100.0,100.0,MI
26153,1,1,0,1,100.0,100.0,MI
26155,109,109,0,109,100.0,100.0,MI
26157,22,22,0,22,100.0,100.0,MI
26159,97,97,0,97,100.0,100.0,MI
26161,1413,1402,11,1413,99.22,100.0,MI
26163,5748,5729,19,5746,99.67,99.97,MI
26165,44,44,0,44,100.0,100.0,MI
27001,5,5,0,5,100.0,100.0,MN
27003,848,837,11,841,98.7,99.17,MN
27005,27,27,0,27,100.0,100.0,MN
27007,47,47,0,47,100.0,100.0,MN
27009,106,103,3,104,97.17,98.11,MN
27013,203,202,1,203,99.51,100.0,MN
27015,23,23,0,23,100.0,100.0,MN
27017,34,33,1,34,97.06,100.0,MN
27019,223,222,1,223,99.55,100.0,MN
27021,16,16,0,16,100.0,100.0,MN
27023,11,11,0,11,100.0,100.0,MN
27025,112,109,3,112,97.32,100.0,MN
27027,100,98,2,98,98.0,98.0,MN
27029,1,1,0,1,100.0,100.0,MN
27033,8,8,0,8,100.0,100.0,MN
27035,167,164,3,165,98.2,98.8,MN
27037,1135,1123,12,1128,98.94,99.38,MN
27039,21,18,3,21,85.71,100.0,MN
27041,68,66,2,68,97.06,100.0,MN
27043,10,10,0,10,100.0,100.0,MN
27045,4,4,0,4,100.0,100.0,MN
27047,29,29,0,29,100.0,100.0,MN
27049,82,81,1,82,98.78,100.0,MN
27051,1,1,0,1,100.0,100.0,MN
27053,4052,4047,5,4049,99.88,99.93,MN
27055,3,3,0,3,100.0,100.0,MN
27057,10,9,1,10,90.0,100.0,MN
27059,72,66,6,66,91.67,91.67,MN
27061,28,23,5,25,82.14,89.29,MN
27063,3,3,0,3,100.0,100.0,MN
27065,6,6,0,6,100.0,100.0,MN
27067,97,95,2,95,97.94,97.94,MN
27069,2,2,0,2,100.0,100.0,MN
27071,5,5,0,5,100.0,100.0,MN
27073,1,1,0,1,100.0,100.0,MN
27075,7,7,0,7,100.0,100.0,MN
27077,1,1,0,1,100.0,100.0,MN
27079,44,42,2,43,95.45,97.73,MN
27081,1,1,0,1,100.0,100.0,MN
27083,26,26,0,26,100.0,100.0,MN
27085,61,59,2,59,96.72,96.72,MN
27087,1,1,0,1,100.0,100.0,MN
27091,16,16,0,16,100.0,100.0,MN
27093,32,32,0,32,100.0,100.0,MN
27095,31,30,1,31,96.77,100.0,MN
27097,25,25,0,25,100.0,100.0,MN
27099,40,40,0,40,100.0,100.0,MN
27101,3,2,1,3,66.67,100.0,MN
27103,35,35,0,35,100.0,100.0,MN
27105,6,6,0,6,100.0,100.0,MN
27107,1,1,0,1,100.0,100.0,MN
27109,375,374,1,374,99.73,99.73,MN
27111,41,40,1,41,97.56,100.0,MN
27113,9,9,0,9,100.0,100.0,MN
27115,23,23,0,23,100.0,100.0,MN
27117,7,7,0,7,100.0,100.0,MN
27119,20,19,1,20,95.0,100.0,MN
27121,6,6,0,6,100.0,100.0,MN
27123,1558,1546,12,1555,99.23,99.81,MN
27125,1,1,0,1,100.0,100.0,MN
27127,8,8,0,8,100.0,100.0,MN
27129,10,8,2,10,80.0,100.0,MN
27131,127,127,0,127,100.0,100.0,MN
27133,2,2,0,2,100.0,100.0,MN
27135,6,5,1,6,83.33,100.0,MN
27137,365,361,4,365,98.9,100.0,MN
27139,296,295,1,296,99.66,100.0,MN
27141,161,159,2,160,98.76,99.38,MN
27143,8,8,0,8,100.0,100.0,MN
27145,359,356,3,359,99.16,100.0,MN
27147,100,99,1,100,99.0,100.0,MN
27149,3,3,0,3,100.0,100.0,MN
27151,1,1,0,1,100.0,100.0,MN
27153,8,8,0,8,100.0,100.0,MN
27155,1,1,0,1,100.0,100.0,MN
27157,13,13,0,13,100.0,100.0,MN
27159,8,7,1,8,87.5,100.0,MN
27161,22,21,1,21,95.45,95.45,MN
27163,579,577,2,579,99.65,100.0,MN
27165,5,5,0,5,100.0,100.0,MN
27167,4,4,0,4,100.0,100.0,MN
27169,37,37,0,37,100.0,100.0,MN
27171,294,283,11,288,96.26,97.96,MN
27173,5,4,1,5,80.0,100.0,MN
28001,31,30,1,30,96.77,96.77,MS
28003,21,21,0,21,100.0,100.0,MS
28005,2,2,0,2,100.0,100.0,MS
28007,5,5,0,5,100.0,100.0,MS
28009,1,1,0,1,100.0,100.0,MS
28011,8,8,0,8,100.0,100.0,MS
28013,3,3,0,3,100.0,100.0,MS
28017,5,5,0,5,100.0,100.0,MS
28019,1,1,0,1,100.0,100.0,MS
28023,7,7,0,7,100.0,100.0,MS
28025,5,5,0,5,100.0,100.0,MS
28027,14,14,0,14,100.0,100.0,MS
28029,13,12,1,12,92.31,92.31,MS
28031,3,3,0,3,100.0,100.0,MS
28033,627,595,32,622,94.9,99.2,MS
28035,174,174,0,174,100.0,100.0,MS
28039,14,14,0,14,100.0,100.0,MS
28041,1,1,0,1,100.0,100.0,MS
28043,17,17,0,17,100.0,100.0,MS
28045,26,26,0,26,100.0,100.0,MS
28047,450,438,12,448,97.33,99.56,MS
28049,414,407,7,414,98.31,100.0,MS
28053,1,1,0,1,100.0,100.0,MS
28057,6,6,0,6,100.0,100.0,MS
28059,204,203,1,204,99.51,100.0,MS
28061,2,2,0,2,100.0,100.0,MS
28063,1,1,0,1,100.0,100.0,MS
28065,2,2,0,2,100.0,100.0,MS
28067,35,35,0,35,100.0,100.0,MS
28071,89,89,0,89,100.0,100.0,MS
28073,113,113,0,113,100.0,100.0,MS
28075,82,80,2,82,97.56,100.0,MS
28077,2,2,0,2,100.0,100.0,MS
28079,6,6,0,6,100.0,100.0,MS
28081,207,204,3,206,98.55,99.52,MS
28083,15,15,0,15,100.0,100.0,MS
28085,7,7,0,7,100.0,100.0,MS
28087,47,47,0,47,100.0,100.0,MS
28089,323,317,6,323,98.14,100.0,MS
28091,12,11,1,11,91.67,91.67,MS
28093,29,29,0,29,100.0,100.0,MS
28095,11,10,1,11,90.91,100.0,MS
28097,2,2,0,2,100.0,100.0,MS
28099,7,7,0,7,100.0,100.0,MS
28101,3,3,0,3,100.0,100.0,MS
28105,40,40,0,40,100.0,100.0,MS
28107,54,53,1,54,98.15,100.0,MS
28109,24,24,0,24,100.0,100.0,MS
28111,3,3,0,3,100.0,100.0,MS
28113,26,26,0,26,100.0,100.0,MS
28115,16,14,2,16,87.5,100.0,MS
28117,6,6,0,6,100.0,100.0,MS
28119,2,2,0,2,100.0,100.0,MS
28121,313,309,4,310,98.72,99.04,MS
28123,5,4,1,5,80.0,100.0,MS
28125,1,1,0,1,100.0,100.0,MS
28127,9,9,0,9,100.0,100.0,MS
28129,1,1,0,1,100.0,100.0,MS
28131,13,12,1,13,92.31,100.0,MS
28133,5,5,0,5,100.0,100.0,MS
28137,38,38,0,38,100.0,100.0,MS
28139,4,4,0,4,100.0,100.0,MS
28141,11,11,0,11,100.0,100.0,MS
28143,18,18,0,18,100.0,100.0,MS
28145,20,19,1,20,95.0,100.0,MS
28149,37,37,0,37,100.0,100.0,MS
28151,16,16,0,16,100.0,100.0,MS
28153,11,11,0,11,100.0,100.0,MS
28155,2,2,0,2,100.0,100.0,MS
28157,1,1,0,1,100.0,100.0,MS
28159,1,1,0,1,100.0,100.0,MS
28161,2,2,0,2,100.0,100.0,MS
28163,5,5,0,5,100.0,100.0,MS
29001,26,26,0,26,100.0,100.0,MO
29003,11,11,0,11,100.0,100.0,MO
29007,12,12,0,12,100.0,100.0,MO
29009,17,16,1,17,94.12,100.0,MO
29011,2,2,0,2,100.0,100.0,MO
29013,8,8,0,8,100.0,100.0,MO
29015,2,2,0,2,100.0,100.0,MO
29017,1,1,0,1,100.0,100.0,MO
29019,220,218,2,219,99.09,99.55,MO
29021,228,226,2,226,99.12,99.12,MO
29023,48,47,1,47,97.92,97.92,MO
29025,2,2,0,2,100.0,100.0,MO
29027,18,17,1,18,94.44,100.0,MO
29029,27,27,0,27,100.0,100.0,MO
29031,162,162,0,162,100.0,100.0,MO
29033,2,2,0,2,100.0,100.0,MO
29035,2,1,1,2,50.0,100.0,MO
29037,210,207,3,210,98.57,100.0,MO
29039,2,2,0,2,100.0,100.0,MO
29041,2,2,0,2,100.0,100.0,MO
29043,203,195,8,203,96.06,100.0,MO
29045,1,1,0,1,100.0,100.0,MO
29047,968,959,9,968,99.07,100.0,MO
29049,6,6,0,6,100.0,100.0,MO
29051,185,183,2,185,98.92,100.0,MO
29053,15,15,0,15,100.0,100.0,MO
29055,9,9,0,9,100.0,100.0,MO
29059,4,3,1,4,75.0,100.0,MO
29061,2,0,2,1,0.0,50.0,MO
29063,7,7,0,7,100.0,100.0,MO
29065,4,4,0,4,100.0,100.0,MO
29069,10,10,0,10,100.0,100.0,MO
29071,266,258,8,264,96.99,99.25,MO
29073,5,5,0,5,100.0,100.0,MO
29075,7,6,1,7,85.71,100.0,MO
29077,1248,1232,16,1240,98.72,99.36,MO
29079,4,4,0,4,100.0,100.0,MO
29081,3,3,0,3,100.0,100.0,MO
29083,22,22,0,22,100.0,100.0,MO
29085,1,1,0,1,100.0,100.0,MO
29087,5,5,0,5,100.0,100.0,MO
29091,24,24,0,24,100.0,100.0,MO
29093,1,1,0,1,100.0,100.0,MO
29095,3554,3516,38,3542,98.93,99.66,MO
29097,216,216,0,216,100.0,100.0,MO
29099,327,320,7,325,97.86,99.39,MO
29101,43,42,1,43,97.67,100.0,MO
29103,1,1,0,1,100.0,100.0,MO
29105,31,31,0,31,100.0,100.0,MO
29107,22,21,1,22,95.45,100.0,MO
29109,19,19,0,19,100.0,100.0,MO
29111,2,2,0,2,100.0,100.0,MO
29113,38,38,0,38,100.0,100.0,MO
29115,8,7,1,7,87.5,87.5,MO
29117,8,7,1,8,87.5,100.0,MO
29119,3,3,0,3,100.0,100.0,MO
29121,5,5,0,5,100.0,100.0,MO
29123,2,2,0,2,100.0,100.0,MO
29125,1,1,0,1,100.0,100.0,MO
29127,16,16,0,16,100.0,100.0,MO
29131,8,8,0,8,100.0,100.0,MO
29135,3,3,0,3,100.0,100.0,MO
29137,2,2,0,2,100.0,100.0,MO
29139,6,6,0,6,100.0,100.0,MO
29141,6,6,0,6,100.0,100.0,MO
29143,5,5,0,5,100.0,100.0,MO
29145,55,55,0,55,100.0,100.0,MO
29147,8,8,0,8,100.0,100.0,MO
29149,1,1,0,1,100.0,100.0,MO
29151,5,5,0,5,100.0,100.0,MO
29155,6,6,0,6,100.0,100.0,MO
29157,6,5,1,6,83.33,100.0,MO
29159,53,53,0,53,100.0,100.0,MO
29161,41,40,1,40,97.56,97.56,MO
29163,9,9,0,9,100.0,100.0,MO
29165,326,319,7,326,97.85,100.0,MO
29167,42,41,1,42,97.62,100.0,MO
29169,17,16,1,17,94.12,100.0,MO
29171,1,1,0,1,100.0,100.0,MO
29173,3,3,0,3,100.0,100.0,MO
29175,36,36,0,36,100.0,100.0,MO
29177,11,11,0,11,100.0,100.0,MO
29181,2,2,0,2,100.0,100.0,MO
29183,1311,1292,19,1308,98.55,99.77,MO
29186,5,4,1,5,80.0,100.0,MO
29187,61,60,1,61,98.36,100.0,MO
29189,4264,4229,35,4259,99.18,99.88,MO
29195,6,6,0,6,100.0,100.0,MO
29201,44,44,0,44,100.0,100.0,MO
29203,1,1,0,1,100.0,100.0,MO
29205,2,2,0,2,100.0,100.0,MO
29207,11,11,0,11,100.0,100.0,MO
29209,15,15,0,15,100.0,100.0,MO
29211,2,2,0,2,100.0,100.0,MO
29213,151,150,1,151,99.34,100.0,MO
29215,6,6,0,6,100.0,100.0,MO
29217,7,7,0,7,100.0,100.0,MO
29219,30,27,3,30,90.0,100.0,MO
29221,3,3,0,3,100.0,100.0,MO
29223,1,1,0,1,100.0,100.0,MO
29225,38,38,0,38,100.0,100.0,MO
29229,8,8,0,8,100.0,100.0,MO
29510,1590,1589,1,1590,99.94,100.0,MO
30001,2,2,0,2,100.0,100.0,MT
30003,2,2,0,2,100.0,100.0,MT
30007,1,1,0,1,100.0,100.0,MT
30009,4,4,0,4,100.0,100.0,MT
30013,117,116,1,117,99.15,100.0,MT
30017,3,3,0,3,100.0,100.0,MT
30021,3,3,0,3,100.0,100.0,MT
30023,1,1,0,1,100.0,100.0,MT
30027,1,1,0,1,100.0,100.0,MT
30029,253,239,14,242,94.47,95.65,MT
30031,329,326,3,328,99.09,99.7,MT
30035,2,2,0,2,100.0,100.0,MT
30041,3,3,0,3,100.0,100.0,MT
30043,4,4,0,4,100.0,100.0,MT
30047,8,8,0,8,100.0,100.0,MT
30049,169,168,1,169,99.41,100.0,MT
30053,8,8,0,8,100.0,100.0,MT
30057,1,1,0,1,100.0,100.0,MT
30059,2,2,0,2,100.0,100.0,MT
30063,312,312,0,312,100.0,100.0,MT
30065,2,2,0,2,100.0,100.0,MT
30067,10,10,0,10,100.0,100.0,MT
30073,1,1,0,1,100.0,100.0,MT
30075,1,1,0,1,100.0,100.0,MT
30081,53,51,2,52,96.23,98.11,MT
30083,6,6,0,6,100.0,100.0,MT
30085,2,2,0,2,100.0,100.0,MT
30087,1,1,0,1,100.0,100.0,MT
30091,1,1,0,1,100.0,100.0,MT
30093,25,25,0,25,100.0,100.0,MT
30095,2,2,0,2,100.0,100.0,MT
30099,1,1,0,1,100.0,100.0,MT
30101,5,5,0,5,100.0,100.0,MT
30105,1,1,0,1,100.0,100.0,MT
30111,495,492,3,492,99.39,99.39,MT
31001,20,20,0,20,100.0,100.0,NE
31011,2,2,0,2,100.0,100.0,NE
31013,5,5,0,5,100.0,100.0,NE
31017,1,1,0,1,100.0,100.0,NE
31019,53,53,0,53,100.0,100.0,NE
31021,1,1,0,1,100.0,100.0,NE
31023,1,1,0,1,100.0,100.0,NE
31025,24,24,0,24,100.0,100.0,NE
31027,3,3,0,3,100.0,100.0,NE
31031,2,2,0,2,100.0,100.0,NE
31033,2,2,0,2,100.0,100.0,NE
31035,2,2,0,2,100.0,100.0,NE
31037,1,1,0,1,100.0,100.0,NE
31039,1,1,0,1,100.0,100.0,NE
31041,1,1,0,1,100.0,100.0,NE
31043,28,28,0,28,100.0,100.0,NE
31047,14,14,0,14,100.0,100.0,NE
31053,87,87,0,87,100.0,100.0,NE
31055,2329,2323,6,2328,99.74,99.96,NE
31059,3,3,0,3,100.0,100.0,NE
31065,2,2,0,2,100.0,100.0,NE
31067,23,19,4,23,82.61,100.0,NE
31073,1,1,0,1,100.0,100.0,NE
31079,87,86,1,86,98.85,98.85,NE
31081,2,2,0,2,100.0,100.0,NE
31083,1,1,0,1,100.0,100.0,NE
31085,1,1,0,1,100.0,100.0,NE
31089,2,2,0,2,100.0,100.0,NE
31091,1,1,0,1,100.0,100.0,NE
31101,3,3,0,3,100.0,100.0,NE
31105,3,3,0,3,100.0,100.0,NE
31107,3,3,0,3,100.0,100.0,NE
31109,1194,1191,3,1194,99.75,100.0,NE
31111,35,35,0,35,100.0,100.0,NE
31119,38,38,0,38,100.0,100.0,NE
31127,5,5,0,5,100.0,100.0,NE
31129,2,2,0,2,100.0,100.0,NE
31131,17,17,0,17,100.0,100.0,NE
31135,1,1,0,1,100.0,100.0,NE
31137,5,5,0,5,100.0,100.0,NE
31139,2,2,0,2,100.0,100.0,NE
31141,33,33,0,33,100.0,100.0,NE
31145,9,9,0,9,100.0,100.0,NE
31147,2,2,0,2,100.0,100.0,NE
31151,4,4,0,4,100.0,100.0,NE
31153,506,504,2,505,99.6,99.8,NE
31155,22,21,1,22,95.45,100.0,NE
31157,28,28,0,28,100.0,100.0,NE
31159,15,15,0,15,100.0,100.0,NE
31161,2,2,0,2,100.0,100.0,NE
31167,1,1,0,1,100.0,100.0,NE
31169,2,2,0,2,100.0,100.0,NE
31175,2,2,0,2,100.0,100.0,NE
31177,35,35,0,35,100.0,100.0,NE
31179,1,1,0,1,100.0,100.0,NE
31185,13,13,0,13,100.0,100.0,NE
32001,28,28,0,28,100.0,100.0,NV
32003,8053,8017,36,8044,99.55,99.89,NV
32005,153,145,8,153,94.77,100.0,NV
32007,84,80,4,80,95.24,95.24,NV
32011,1,1,0,1,100.0,100.0,NV
32013,16,16,0,16,100.0,100.0,NV
32015,4,4,0,4,100.0,100.0,NV
32017,1,1,0,1,100.0,100.0,NV
32019,113,113,0,113,100.0,100.0,NV
32021,2,2,0,2,100.0,100.0,NV
32023,58,58,0,58,100.0,100.0,NV
32027,4,4,0,4,100.0,100.0,NV
32029,5,5,0,5,100.0,100.0,NV
32031,2343,2342,1,2343,99.96,100.0,NV
32033,3,3,0,3,100.0,100.0,NV
32510,376,375,1,376,99.73,100.0,NV
33001,162,157,5,162,96.91,100.0,NH
33003,87,85,2,87,97.7,100.0,NH
33005,90,90,0,90,100.0,100.0,NH
33007,28,28,0,28,100.0,100.0,NH
33009,145,143,2,145,98.62,100.0,NH
33011,1270,1269,1,1269,99.92,99.92,NH
33013,431,429,2,429,99.54,99.54,NH
33015,1245,1243,2,1245,99.84,100.0,NH
33017,296,296,0,296,100.0,100.0,NH
33019,28,28,0,28,100.0,100.0,NH
34001,599,594,5,596,99.17,99.5,NJ
34003,4149,4133,16,4143,99.61,99.86,NJ
34005,1230,1223,7,1229,99.43,99.92,NJ
34007,1603,1582,21,1593,98.69,99.38,NJ
34009,173,172,1,172,99.42,99.42,NJ
34011,316,315,1,315,99.68,99.68,NJ
34013,2905,2879,26,2899,99.1,99.79,NJ
34015,769,763,6,766,99.22,99.61,NJ
34017,2361,2328,33,2354,98.6,99.7,NJ
34019,386,386,0,386,100.0,100.0,NJ
34021,1213,1204,9,1211,99.26,99.84,NJ
34023,2990,2971,19,2989,99.36,99.97,NJ
34025,2159,2150,9,2158,99.58,99.95,NJ
34027,1960,1946,14,1953,99.29,99.64,NJ
34029,1115,1110,5,1112,99.55,99.73,NJ
34031,1822,1820,2,1821,99.89,99.95,NJ
34033,102,99,3,100,97.06,98.04,NJ
34035,1254,1240,14,1247,98.88,99.44,NJ
34037,330,328,2,329,99.39,99.7,NJ
34039,2449,2432,17,2445,99.31,99.84,NJ
34041,283,282,1,283,99.65,100.0,NJ
35001,2906,2886,20,2895,99.31,99.62,NM
35005,36,35,1,36,97.22,100.0,NM
35006,9,8,1,9,88.89,100.0,NM
35007,9,9,0,9,100.0,100.0,NM
35009,50,49,1,50,98.0,100.0,NM
35013,414,413,1,413,99.76,99.76,NM
35015,46,46,0,46,100.0,100.0,NM
35017,29,29,0,29,100.0,100.0,NM
35019,2,2,0,2,100.0,100.0,NM
35023,1,1,0,1,100.0,100.0,NM
35025,65,64,1,64,98.46,98.46,NM
35027,22,22,0,22,100.0,100.0,NM
35028,28,28,0,28,100.0,100.0,NM
35029,28,28,0,28,100.0,100.0,NM
35031,16,14,2,15,87.5,93.75,NM
35035,71,70,1,70,98.59,98.59,NM
35037,2,2,0,2,100.0,100.0,NM
35039,35,35,0,35,100.0,100.0,NM
35041,3,3,0,3,100.0,100.0,NM
35043,204,203,1,203,99.51,99.51,NM
35045,130,129,1,130,99.23,100.0,NM
35047,13,13,0,13,100.0,100.0,NM
35049,596,590,6,595,98.99,99.83,NM
35051,21,21,0,21,100.0,100.0,NM
35053,14,13,1,14,92.86,100.0,NM
35055,20,20,0,20,100.0,100.0,NM
35057,6,6,0,6,100.0,100.0,NM
35059,1,1,0,1,100.0,100.0,NM
35061,111,100,11,105,90.09,94.59,NM
36001,1141,1133,8,1134,99.3,99.39,NY
36003,31,30,1,31,96.77,100.0,NY
36005,2684,2677,7,2682,99.74,99.93,NY
36007,382,380,2,381,99.48,99.74,NY
36009,67,66,1,66,98.51,98.51,NY
36011,88,87,1,87,98.86,98.86,NY
36013,141,140,1,141,99.29,100.0,NY
36015,135,132,3,134,97.78,99.26,NY
36017,27,27,0,27,100.0,100.0,NY
36019,72,71,1,72,98.61,100.0,NY
36021,108,108,0,108,100.0,100.0,NY
36023,67,67,0,67,100.0,100.0,NY
36025,28,26,2,27,92.86,96.43,NY
36027,670,647,23,663,96.57,98.96,NY
36029,2301,2298,3,2301,99.87,100.0,NY
36031,28,28,0,28,100.0,100.0,NY
36033,20,20,0,20,100.0,100.0,NY
36035,80,79,1,80,98.75,100.0,NY
36037,80,80,0,80,100.0,100.0,NY
36039,76,75,1,76,98.68,100.0,NY
36041,2,2,0,2,100.0,100.0,NY
36043,45,45,0,45,100.0,100.0,NY
36045,122,122,0,122,100.0,100.0,NY
36047,9791,9777,14,9784,99.86,99.93,NY
36049,4,3,1,4,75.0,100.0,NY
36051,88,88,0,88,100.0,100.0,NY
36053,81,81,0,81,100.0,100.0,NY
36055,2093,2066,27,2091,98.71,99.9,NY
36057,76,76,0,76,100.0,100.0,NY
36059,4935,4916,19,4926,99.61,99.82,NY
36061,12199,12192,7,12192,99.94,99.94,NY
36063,316,315,1,316,99.68,100.0,NY
36065,390,385,5,390,98.72,100.0,NY
36067,1363,1357,6,1363,99.56,100.0,NY
36069,255,251,4,255,98.43,100.0,NY
36071,1019,1015,4,1019,99.61,100.0,NY
36073,31,31,0,31,100.0,100.0,NY
36075,120,120,0,120,100.0,100.0,NY
36077,68,61,7,68,89.71,100.0,NY
36079,192,176,16,190,91.67,98.96,NY
36081,2546,2487,59,2538,97.68,99.69,NY
36083,273,272,1,272,99.63,99.63,NY
36085,994,992,2,992,99.8,99.8,NY
36087,736,727,9,732,98.78,99.46,NY
36089,66,65,1,66,98.48,100.0,NY
36091,550,546,4,549,99.27,99.82,NY
36093,312,309,3,312,99.04,100.0,NY
36095,31,30,1,31,96.77,100.0,NY
36097,8,7,1,8,87.5,100.0,NY
36099,27,27,0,27,100.0,100.0,NY
36101,50,50,0,50,100.0,100.0,NY
36103,5317,5243,74,5291,98.61,99.51,NY
36105,47,46,1,47,97.87,100.0,NY
36107,34,34,0,34,100.0,100.0,NY
36109,157,157,0,157,100.0,100.0,NY
36111,357,355,2,356,99.44,99.72,NY
36113,159,159,0,159,100.0,100.0,NY
36115,52,52,0,52,100.0,100.0,NY
36117,103,103,0,103,100.0,100.0,NY
36119,3260,3230,30,3252,99.08,99.75,NY
36121,23,23,0,23,100.0,100.0,NY
36123,8,8,0,8,100.0,100.0,NY
37001,548,521,27,540,95.07,98.54,NC
37003,32,29,3,32,90.62,100.0,NC
37005,14,14,0,14,100.0,100.0,NC
37007,43,42,1,43,97.67,100.0,NC
37009,19,19,0,19,100.0,100.0,NC
37011,15,15,0,15,100.0,100.0,NC
37013,59,58,1,59,98.31,100.0,NC
37015,9,9,0,9,100.0,100.0,NC
37017,23,23,0,23,100.0,100.0,NC
37019,347,346,1,347,99.71,100.0,NC
37021,1091,1086,5,1090,99.54,99.91,NC
37023,138,136,2,137,98.55,99.28,NC
37025,726,695,31,714,95.73,98.35,NC
37027,115,107,8,115,93.04,100.0,NC
37029,2,2,0,2,100.0,100.0,NC
37031,176,174,2,176,98.86,100.0,NC
37033,10,10,0,10,100.0,100.0,NC
37035,603,587,16,595,97.35,98.67,NC
37037,128,128,0,128,100.0,100.0,NC
37039,17,17,0,17,100.0,100.0,NC
37041,18,18,0,18,100.0,100.0,NC
37043,10,10,0,10,100.0,100.0,NC
37045,199,194,5,195,97.49,97.99,NC
37047,90,85,5,88,94.44,97.78,NC
37049,175,174,1,175,99.43,100.0,NC
37051,991,990,1,990,99.9,99.9,NC
37053,61,61,0,61,100.0,100.0,NC
37055,82,82,0,82,100.0,100.0,NC
37057,335,332,3,335,99.1,100.0,NC
37059,92,91,1,92,98.91,100.0,NC
37061,55,55,0,55,100.0,100.0,NC
37063,1239,1237,2,1239,99.84,100.0,NC
37065,61,60,1,61,98.36,100.0,NC
37067,1522,1516,6,1522,99.61,100.0,NC
37069,97,92,5,95,94.85,97.94,NC
37071,788,787,1,787,99.87,99.87,NC
37073,8,8,0,8,100.0,100.0,NC
37075,3,3,0,3,100.0,100.0,NC
37077,61,60,1,60,98.36,98.36,NC
37079,7,7,0,7,100.0,100.0,NC
37081,2593,2583,10,2590,99.61,99.88,NC
37083,79,78,1,79,98.73,100.0,NC
37085,157,149,8,151,94.9,96.18,NC
37087,116,116,0,116,100.0,100.0,NC
37089,315,311,4,314,98.73,99.68,NC
37091,26,25,1,26,96.15,100.0,NC
37093,29,29,0,29,100.0,100.0,NC
37095,4,2,2,4,50.0,100.0,NC
37097,824,809,15,822,98.18,99.76,NC
37099,25,25,0,25,100.0,100.0,NC
37101,396,392,4,395,98.99,99.75,NC
37103,5,5,0,5,100.0,100.0,NC
37105,203,200,3,201,98.52,99.01,NC
37107,123,121,2,123,98.37,100.0,NC
37109,254,254,0,254,100.0,100.0,NC
37111,30,30,0,30,100.0,100.0,NC
37113,29,28,1,28,96.55,96.55,NC
37115,18,16,2,17,88.89,94.44,NC
37117,27,26,1,27,96.3,100.0,NC
37119,5992,5976,16,5988,99.73,99.93,NC
37121,10,10,0,10,100.0,100.0,NC
37123,20,20,0,20,100.0,100.0,NC
37125,242,242,0,242,100.0,100.0,NC
37127,251,249,2,251,99.2,100.0,NC
37129,1319,1319,0,1319,100.0,100.0,NC
37131,10,10,0,10,100.0,100.0,NC
37133,342,342,0,342,100.0,100.0,NC
37135,356,354,2,354,99.44,99.44,NC
37137,7,7,0,7,100.0,100.0,NC
37139,116,115,1,115,99.14,99.14,NC
37141,128,124,4,128,96.88,100.0,NC
37143,6,6,0,6,100.0,100.0,NC
37145,57,56,1,56,98.25,98.25,NC
37147,484,483,1,483,99.79,99.79,NC
37149,16,16,0,16,100.0,100.0,NC
37151,379,379,0,379,100.0,100.0,NC
37153,45,45,0,45,100.0,100.0,NC
37155,175,174,1,174,99.43,99.43,NC
37157,164,160,4,164,97.56,100.0,NC
37159,380,365,15,366,96.05,96.32,NC
37161,117,117,0,117,100.0,100.0,NC
37163,95,89,6,93,93.68,97.89,NC
37165,54,54,0,54,100.0,100.0,NC
37167,122,119,3,122,97.54,100.0,NC
37169,39,38,1,38,97.44,97.44,NC
37171,158,155,3,158,98.1,100.0,NC
37173,2,2,0,2,100.0,100.0,NC
37175,57,56,1,57,98.25,100.0,NC
37177,4,4,0,4,100.0,100.0,NC
37179,708,708,0,708,100.0,100.0,NC
37181,105,105,0,105,100.0,100.0,NC
37183,4265,4260,5,4263,99.88,99.95,NC
37185,11,11,0,11,100.0,100.0,NC
37187,7,7,0,7,100.0,100.0,NC
37189,93,93,0,93,100.0,100.0,NC
37191,282,279,3,280,98.94,99.29,NC
37193,105,104,1,105,99.05,100.0,NC
37195,214,193,21,202,90.19,94.39,NC
37197,50,49,1,49,98.0,98.0,NC
37199,8,8,0,8,100.0,100.0,NC
38001,1,1,0,1,100.0,100.0,ND
38003,1,1,0,1,100.0,100.0,ND
38005,1,1,0,1,100.0,100.0,ND
38009,3,3,0,3,100.0,100.0,ND
38015,332,332,0,332,100.0,100.0,ND
38017,659,636,23,644,96.51,97.72,ND
38021,2,2,0,2,100.0,100.0,ND
38025,7,7,0,7,100.0,100.0,ND
38029,1,1,0,1,100.0,100.0,ND
38033,1,1,0,1,100.0,100.0,ND
38035,131,131,0,131,100.0,100.0,ND
38045,1,1,0,1,100.0,100.0,ND
38049,2,2,0,2,100.0,100.0,ND
38053,30,27,3,30,90.0,100.0,ND
38055,1,1,0,1,100.0,100.0,ND
38057,2,2,0,2,100.0,100.0,ND
38059,61,61,0,61,100.0,100.0,ND
38061,5,5,0,5,100.0,100.0,ND
38067,1,1,0,1,100.0,100.0,ND
38071,5,5,0,5,100.0,100.0,ND
38073,1,1,0,1,100.0,100.0,ND
38077,6,6,0,6,100.0,100.0,ND
38089,50,49,1,49,98.0,98.0,ND
38093,19,17,2,17,89.47,89.47,ND
38097,3,3,0,3,100.0,100.0,ND
38099,3,3,0,3,100.0,100.0,ND
38101,105,104,1,105,99.05,100.0,ND
38105,114,113,1,114,99.12,100.0,ND
39001,8,8,0,8,100.0,100.0,OH
39003,217,216,1,216,99.54,99.54,OH
39005,81,80,1,81,98.77,100.0,OH
39007,125,117,8,119,93.6,95.2,OH
39009,46,46,0,46,100.0,100.0,OH
39011,60,58,2,60,96.67,100.0,OH
39013,76,76,0,76,100.0,100.0,OH
39015,29,29,0,29,100.0,100.0,OH
39017,1407,1402,5,1406,99.64,99.93,OH
39019,23,22,1,23,95.65,100.0,OH
39021,31,31,0,31,100.0,100.0,OH
39023,285,285,0,285,100.0,100.0,OH
39025,523,519,4,523,99.24,100.0,OH
39027,72,72,0,72,100.0,100.0,OH
39029,127,126,1,127,99.21,100.0,OH
39031,25,25,0,25,100.0,100.0,OH
39033,30,30,0,30,100.0,100.0,OH
39035,5276,5268,8,5276,99.85,100.0,OH
39037,92,92,0,92,100.0,100.0,OH
39039,69,69,0,69,100.0,100.0,OH
39041,572,571,1,572,99.83,100.0,OH
39043,203,197,6,201,97.04,99.01,OH
39045,270,269,1,270,99.63,100.0,OH
39047,38,38,0,38,100.0,100.0,OH
39049,5695,5676,19,5689,99.67,99.89,OH
39051,62,61,1,61,98.39,98.39,OH
39053,15,14,1,15,93.33,100.0,OH
39055,280,280,0,280,100.0,100.0,OH
39057,476,473,3,475,99.37,99.79,OH
39059,58,58,0,58,100.0,100.0,OH
39061,3864,3854,10,3864,99.74,100.0,OH
39063,190,188,2,188,98.95,98.95,OH
39065,20,20,0,20,100.0,100.0,OH
39067,12,12,0,12,100.0,100.0,OH
39069,39,37,2,38,94.87,97.44,OH
39071,24,24,0,24,100.0,100.0,OH
39073,15,15,0,15,100.0,100.0,OH
39075,9,9,0,9,100.0,100.0,OH
39077,91,90,1,91,98.9,100.0,OH
39079,17,17,0,17,100.0,100.0,OH
39081,98,98,0,98,100.0,100.0,OH
39083,63,63,0,63,100.0,100.0,OH
39085,1052,1047,5,1050,99.52,99.81,OH
39087,55,55,0,55,100.0,100.0,OH
39089,419,416,3,419,99.28,100.0,OH
39091,58,57,1,58,98.28,100.0,OH
39093,719,711,8,715,98.89,99.44,OH
39095,1647,1639,8,1647,99.51,100.0,OH
39097,78,77,1,78,98.72,100.0,OH
39099,679,673,6,678,99.12,99.85,OH
39101,68,67,1,68,98.53,100.0,OH
39103,546,546,0,546,100.0,100.0,OH
39105,1,1,0,1,100.0,100.0,OH
39107,29,29,0,29,100.0,100.0,OH
39109,278,274,4,277,98.56,99.64,OH
39111,2,2,0,2,100.0,100.0,OH
39113,2059,2038,21,2057,98.98,99.9,OH
39115,5,5,0,5,100.0,100.0,OH
39117,30,30,0,30,100.0,100.0,OH
39119,140,140,0,140,100.0,100.0,OH
39121,6,6,0,6,100.0,100.0,OH
39123,60,59,1,59,98.33,98.33,OH
39125,6,6,0,6,100.0,100.0,OH
39127,6,6,0,6,100.0,100.0,OH
39129,66,66,0,66,100.0,100.0,OH
39131,12,12,0,12,100.0,100.0,OH
39133,365,364,1,364,99.73,99.73,OH
39135,37,37,0,37,100.0,100.0,OH
39137,22,22,0,22,100.0,100.0,OH
39139,285,283,2,284,99.3,99.65,OH
39141,124,122,2,124,98.39,100.0,OH
39143,109,106,3,108,97.25,99.08,OH
39145,78,78,0,78,100.0,100.0,OH
39147,70,70,0,70,100.0,100.0,OH
39149,87,86,1,86,98.85,98.85,OH
39151,1130,1118,12,1123,98.94,99.38,OH
39153,2199,2184,15,2190,99.32,99.59,OH
39155,476,447,29,449,93.91,94.33,OH
39157,183,177,6,181,96.72,98.91,OH
39159,139,139,0,139,100.0,100.0,OH
39161,28,28,0,28,100.0,100.0,OH
39165,539,536,3,539,99.44,100.0,OH
39167,118,117,1,118,99.15,100.0,OH
39169,173,173,0,173,100.0,100.0,OH
39171,27,26,1,27,96.3,100.0,OH
39173,379,379,0,379,100.0,100.0,OH
39175,31,31,0,31,100.0,100.0,OH
40001,1,1,0,1,100.0,100.0,OK
40005,4,4,0,4,100.0,100.0,OK
40009,11,11,0,11,100.0,100.0,OK
40011,6,6,0,6,100.0,100.0,OK
40013,23,23,0,23,100.0,100.0,OK
40015,6,6,0,6,100.0,100.0,OK
40017,321,320,1,321,99.69,100.0,OK
40019,73,73,0,73,100.0,100.0,OK
40021,23,23,0,23,100.0,100.0,OK
40023,4,4,0,4,100.0,100.0,OK
40027,931,922,9,924,99.03,99.25,OK
40031,435,434,1,434,99.77,99.77,OK
40033,1,1,0,1,100.0,100.0,OK
40035,10,10,0,10,100.0,100.0,OK
40037,133,131,2,133,98.5,100.0,OK
40039,30,30,0,30,100.0,100.0,OK
40041,32,32,0,32,100.0,100.0,OK
40043,2,2,0,2,100.0,100.0,OK
40047,86,86,0,86,100.0,100.0,OK
40049,21,21,0,21,100.0,100.0,OK
40051,54,54,0,54,100.0,100.0,OK
40055,1,1,0,1,100.0,100.0,OK
40059,1,1,0,1,100.0,100.0,OK
40061,1,1,0,1,100.0,100.0,OK
40063,3,3,0,3,100.0,100.0,OK
40065,19,19,0,19,100.0,100.0,OK
40067,1,0,1,1,0.0,100.0,OK
40069,3,3,0,3,100.0,100.0,OK
40071,66,62,4,66,93.94,100.0,OK
40073,12,12,0,12,100.0,100.0,OK
40075,2,2,0,2,100.0,100.0,OK
40077,2,2,0,2,100.0,100.0,OK
40079,20,20,0,20,100.0,100.0,OK
40081,24,24,0,24,100.0,100.0,OK
40083,63,62,1,63,98.41,100.0,OK
40085,2,2,0,2,100.0,100.0,OK
40087,72,70,2,72,97.22,100.0,OK
40089,11,10,1,10,90.91,90.91,OK
40091,3,3,0,3,100.0,100.0,OK
40093,1,1,0,1,100.0,100.0,OK
40095,3,3,0,3,100.0,100.0,OK
40097,24,24,0,24,100.0,100.0,OK
40099,12,12,0,12,100.0,100.0,OK
40101,136,135,1,136,99.26,100.0,OK
40103,5,5,0,5,100.0,100.0,OK
40105,3,3,0,3,100.0,100.0,OK
40107,2,2,0,2,100.0,100.0,OK
40109,4453,4444,9,4445,99.8,99.82,OK
40111,22,21,1,21,95.45,95.45,OK
40113,31,31,0,31,100.0,100.0,OK
40115,8,8,0,8,100.0,100.0,OK
40117,4,4,0,4,100.0,100.0,OK
40119,157,156,1,156,99.36,99.36,OK
40121,25,25,0,25,100.0,100.0,OK
40123,42,38,4,40,90.48,95.24,OK
40125,108,107,1,107,99.07,99.07,OK
40131,149,145,4,147,97.32,98.66,OK
40133,7,7,0,7,100.0,100.0,OK
40135,17,17,0,17,100.0,100.0,OK
40137,51,51,0,51,100.0,100.0,OK
40139,4,4,0,4,100.0,100.0,OK
40141,3,3,0,3,100.0,100.0,OK
40143,3196,3179,17,3196,99.47,100.0,OK
40145,61,59,2,61,96.72,100.0,OK
40147,118,114,4,118,96.61,100.0,OK
40149,3,3,0,3,100.0,100.0,OK
40153,7,7,0,7,100.0,100.0,OK
41001,8,8,0,8,100.0,100.0,OR
41003,200,200,0,200,100.0,100.0,OR
41005,1410,1406,4,1409,99.72,99.93,OR
41007,106,105,1,106,99.06,100.0,OR
41009,70,68,2,70,97.14,100.0,OR
41011,46,46,0,46,100.0,100.0,OR
41013,54,54,0,54,100.0,100.0,OR
41015,12,12,0,12,100.0,100.0,OR
41017,1079,1062,17,1064,98.42,98.61,OR
41019,230,229,1,230,99.57,100.0,OR
41021,2,2,0,2,100.0,100.0,OR
41023,5,5,0,5,100.0,100.0,OR
41025,4,4,0,4,100.0,100.0,OR
41027,31,31,0,31,100.0,100.0,OR
41029,527,526,1,526,99.81,99.81,OR
41031,27,27,0,27,100.0,100.0,OR
41033,86,86,0,86,100.0,100.0,OR
41035,82,82,0,82,100.0,100.0,OR
41037,1,1,0,1,100.0,100.0,OR
41039,1322,1310,12,1316,99.09,99.55,OR
41041,53,52,1,53,98.11,100.0,OR
41043,315,310,5,314,98.41,99.68,OR
41045,62,61,1,62,98.39,100.0,OR
41047,1237,1222,15,1235,98.79,99.84,OR
41049,6,5,1,6,83.33,100.0,OR
41051,4621,4613,8,4619,99.83,99.96,OR
41053,121,118,3,120,97.52,99.17,OR
41055,2,2,0,2,100.0,100.0,OR
41057,25,25,0,25,100.0,100.0,OR
41059,46,45,1,46,97.83,100.0,OR
41061,22,22,0,22,100.0,100.0,OR
41063,2,2,0,2,100.0,100.0,OR
41065,33,33,0,33,100.0,100.0,OR
41067,2093,2090,3,2092,99.86,99.95,OR
41071,234,229,5,232,97.86,99.15,OR
42001,120,120,0,120,100.0,100.0,PA
42003,5137,5109,28,5119,99.45,99.65,PA
42005,55,54,1,55,98.18,100.0,PA
42007,400,400,0,400,100.0,100.0,PA
42009,31,31,0,31,100.0,100.0,PA
42011,805,796,9,802,98.88,99.63,PA
42013,197,197,0,197,100.0,100.0,PA
42015,18,18,0,18,100.0,100.0,PA
42017,2319,2301,18,2313,99.22,99.74,PA
42019,554,547,7,554,98.74,100.0,PA
42021,179,178,1,178,99.44,99.44,PA
42023,2,2,0,2,100.0,100.0,PA
42025,41,38,3,39,92.68,95.12,PA
42027,298,297,1,298,99.66,100.0,PA
42029,2109,2091,18,2104,99.15,99.76,PA
42031,30,28,2,30,93.33,100.0,PA
42033,91,87,4,90,95.6,98.9,PA
42035,40,40,0,40,100.0,100.0,PA
42037,76,76,0,76,100.0,100.0,PA
42039,77,77,0,77,100.0,100.0,PA
42041,930,928,2,930,99.78,100.0,PA
42043,1028,1026,2,1026,99.81,99.81,PA
42045,1658,1650,8,1657,99.52,99.94,PA
42047,32,31,1,32,96.88,100.0,PA
42049,575,575,0,575,100.0,100.0,PA
42051,178,173,5,175,97.19,98.31,PA
42053,2,2,0,2,100.0,100.0,PA
42055,204,203,1,203,99.51,99.51,PA
42057,7,7,0,7,100.0,100.0,PA
42059,24,22,2,24,91.67,100.0,PA
42061,21,21,0,21,100.0,100.0,PA
42063,112,110,2,110,98.21,98.21,PA
42065,36,35,1,35,97.22,97.22,PA
42067,10,10,0,10,100.0,100.0,PA
42069,405,404,1,405,99.75,100.0,PA
42071,1361,1359,2,1361,99.85,100.0,PA
42073,193,192,1,193,99.48,100.0,PA
42075,218,211,7,212,96.79,97.25,PA
42077,1129,1128,1,1129,99.91,100.0,PA
42079,515,509,6,510,98.83,99.03,PA
42081,241,232,9,240,96.27,99.59,PA
42083,27,27,0,27,100.0,100.0,PA
42085,208,207,1,208,99.52,100.0,PA
42087,41,39,2,40,95.12,97.56,PA
42089,271,258,13,271,95.2,100.0,PA
42091,3636,3616,20,3625,99.45,99.7,PA
42093,18,18,0,18,100.0,100.0,PA
42095,709,706,3,709,99.58,100.0,PA
42097,70,70,0,70,100.0,100.0,PA
42099,21,21,0,21,100.0,100.0,PA
42101,4690,4689,1,4689,99.98,99.98,PA
42103,36,35,1,35,97.22,97.22,PA
42105,6,6,0,6,100.0,100.0,PA
42107,107,105,2,107,98.13,100.0,PA
42109,38,38,0,38,100.0,100.0,PA
42111,64,64,0,64,100.0,100.0,PA
42113,2,2,0,2,100.0,100.0,PA
42115,11,11,0,11,100.0,100.0,PA
42117,61,61,0,61,100.0,100.0,PA
42119,51,50,1,51,98.04,100.0,PA
42121,47,47,0,47,100.0,100.0,PA
42123,25,24,1,24,96.0,96.0,PA
42125,607,597,10,606,98.35,99.84,PA
42127,21,21,0,21,100.0,100.0,PA
42129,829,826,3,827,99.64,99.76,PA
42131,3,3,0,3,100.0,100.0,PA
42133,1177,1165,12,1175,98.98,99.83,PA
44001,166,166,0,166,100.0,100.0,RI
44003,713,713,0,713,100.0,100.0,RI
44005,354,353,1,353,99.72,99.72,RI
44007,2096,2088,8,2088,99.62,99.62,RI
44009,338,334,4,338,98.82,100.0,RI
45001,30,29,1,29,96.67,96.67,SC
45003,310,294,16,296,94.84,95.48,SC
45005,2,2,0,2,100.0,100.0,SC
45007,647,636,11,645,98.3,99.69,SC
45009,15,15,0,15,100.0,100.0,SC
45011,22,21,1,22,95.45,100.0,SC
45013,650,640,10,649,98.46,99.85,SC
45015,577,572,5,576,99.13,99.83,SC
45017,14,14,0,14,100.0,100.0,SC
45019,2637,2621,16,2637,99.39,100.0,SC
45021,137,137,0,137,100.0,100.0,SC
45023,49,49,0,49,100.0,100.0,SC
45025,46,42,4,45,91.3,97.83,SC
45027,42,40,2,41,95.24,97.62,SC
45029,77,77,0,77,100.0,100.0,SC
45031,94,92,2,94,97.87,100.0,SC
45033,30,30,0,30,100.0,100.0,SC
45035,412,411,1,412,99.76,100.0,SC
45037,23,23,0,23,100.0,100.0,SC
45039,20,20,0,20,100.0,100.0,SC
45041,473,473,0,473,100.0,100.0,SC
45043,228,228,0,228,100.0,100.0,SC
45045,2832,2821,11,2829,99.61,99.89,SC
45047,115,113,2,113,98.26,98.26,SC
45049,10,10,0,10,100.0,100.0,SC
45051,1347,1332,15,1335,98.89,99.11,SC
45053,106,105,1,106,99.06,100.0,SC
45055,130,130,0,130,100.0,100.0,SC
45057,161,161,0,161,100.0,100.0,SC
45059,90,87,3,88,96.67,97.78,SC
45061,14,14,0,14,100.0,100.0,SC
45063,1137,1131,6,1137,99.47,100.0,SC
45065,6,6,0,6,100.0,100.0,SC
45067,41,41,0,41,100.0,100.0,SC
45069,19,19,0,19,100.0,100.0,SC
45071,71,71,0,71,100.0,100.0,SC
45073,150,145,5,147,96.67,98.0,SC
45075,160,159,1,160,99.38,100.0,SC
45077,340,317,23,317,93.24,93.24,SC
45079,1730,1724,6,1729,99.65,99.94,SC
45081,9,9,0,9,100.0,100.0,SC
45083,1467,1455,12,1465,99.18,99.86,SC
45085,283,282,1,282,99.65,99.65,SC
45087,33,33,0,33,100.0,100.0,SC
45089,23,23,0,23,100.0,100.0,SC
45091,802,777,25,786,96.88,98.0,SC
46005,8,7,1,8,87.5,100.0,SD
46007,1,1,0,1,100.0,100.0,SD
46009,1,1,0,1,100.0,100.0,SD
46011,30,30,0,30,100.0,100.0,SD
46013,43,43,0,43,100.0,100.0,SD
46015,2,2,0,2,100.0,100.0,SD
46019,2,2,0,2,100.0,100.0,SD
46023,3,3,0,3,100.0,100.0,SD
46025,1,1,0,1,100.0,100.0,SD
46027,9,9,0,9,100.0,100.0,SD
46029,35,32,3,32,91.43,91.43,SD
46031,1,1,0,1,100.0,100.0,SD
46033,5,3,2,5,60.0,100.0,SD
46035,28,28,0,28,100.0,100.0,SD
46037,1,1,0,1,100.0,100.0,SD
46043,1,1,0,1,100.0,100.0,SD
46047,6,6,0,6,100.0,100.0,SD
46051,1,1,0,1,100.0,100.0,SD
46057,1,1,0,1,100.0,100.0,SD
46063,1,1,0,1,100.0,100.0,SD
46065,36,36,0,36,100.0,100.0,SD
46077,1,1,0,1,100.0,100.0,SD
46079,3,3,0,3,100.0,100.0,SD
46081,30,30,0,30,100.0,100.0,SD
46083,180,180,0,180,100.0,100.0,SD
46085,1,1,0,1,100.0,100.0,SD
46087,1,1,0,1,100.0,100.0,SD
46093,10,10,0,10,100.0,100.0,SD
46099,718,715,3,716,99.58,99.72,SD
46101,2,2,0,2,100.0,100.0,SD
46103,283,283,0,283,100.0,100.0,SD
46107,1,1,0,1,100.0,100.0,SD
46109,7,6,1,7,85.71,100.0,SD
46121,1,1,0,1,100.0,100.0,SD
46123,3,3,0,3,100.0,100.0,SD
46127,34,34,0,34,100.0,100.0,SD
46129,2,2,0,2,100.0,100.0,SD
46135,19,19,0,19,100.0,100.0,SD
47001,256,247,9,252,96.48,98.44,TN
47003,50,50,0,50,100.0,100.0,TN
47005,5,5,0,5,100.0,100.0,TN
47007,4,4,0,4,100.0,100.0,TN
47009,246,238,8,243,96.75,98.78,TN
47011,215,197,18,208,91.63,96.74,TN
47013,28,27,1,27,96.43,96.43,TN
47015,10,9,1,10,90.0,100.0,TN
47017,11,11,0,11,100.0,100.0,TN
47019,42,42,0,42,100.0,100.0,TN
47021,40,39,1,40,97.5,100.0,TN
47023,4,4,0,4,100.0,100.0,TN
47025,30,30,0,30,100.0,100.0,TN
47027,2,2,0,2,100.0,100.0,TN
47029,26,25,1,25,96.15,96.15,TN
47031,84,83,1,83,98.81,98.81,TN
47033,8,8,0,8,100.0,100.0,TN
47035,84,84,0,84,100.0,100.0,TN
47037,3582,3552,30,3571,99.16,99.69,TN
47039,3,3,0,3,100.0,100.0,TN
47041,12,12,0,12,100.0,100.0,TN
47043,81,75,6,80,92.59,98.77,TN
47045,21,21,0,21,100.0,100.0,TN
47047,58,58,0,58,100.0,100.0,TN
47049,8,8,0,8,100.0,100.0,TN
47051,25,25,0,25,100.0,100.0,TN
47053,41,41,0,41,100.0,100.0,TN
47055,30,30,0,30,100.0,100.0,TN
47057,11,11,0,11,100.0,100.0,TN
47059,94,94,0,94,100.0,100.0,TN
47061,3,3,0,3,100.0,100.0,TN
47063,145,144,1,144,99.31,99.31,TN
47065,1173,1172,1,1173,99.91,100.0,TN
47067,2,2,0,2,100.0,100.0,TN
47069,8,8,0,8,100.0,100.0,TN
47071,6,5,1,5,83.33,83.33,TN
47073,39,38,1,39,97.44,100.0,TN
47075,12,12,0,12,100.0,100.0,TN
47077,8,7,1,8,87.5,100.0,TN
47079,22,22,0,22,100.0,100.0,TN
47081,18,18,0,18,100.0,100.0,TN
47083,4,4,0,4,100.0,100.0,TN
47085,6,6,0,6,100.0,100.0,TN
47087,6,6,0,6,100.0,100.0,TN
47089,59,59,0,59,100.0,100.0,TN
47093,1936,1923,13,1933,99.33,99.85,TN
47095,3,3,0,3,100.0,100.0,TN
47097,19,19,0,19,100.0,100.0,TN
47099,34,34,0,34,100.0,100.0,TN
47101,7,7,0,7,100.0,100.0,TN
47103,26,26,0,26,100.0,100.0,TN
47105,114,112,2,114,98.25,100.0,TN
47107,78,76,2,76,97.44,97.44,TN
47109,10,10,0,10,100.0,100.0,TN
47111,3,3,0,3,100.0,100.0,TN
47113,323,319,4,323,98.76,100.0,TN
47115,18,17,1,18,94.44,100.0,TN
47117,50,50,0,50,100.0,100.0,TN
47119,260,256,4,260,98.46,100.0,TN
47121,10,9,1,10,90.0,100.0,TN
47123,42,42,0,42,100.0,100.0,TN
47125,522,517,5,522,99.04,100.0,TN
47129,9,9,0,9,100.0,100.0,TN
47131,19,19,0,19,100.0,100.0,TN
47133,9,9,0,9,100.0,100.0,TN
47135,1,1,0,1,100.0,100.0,TN
47137,1,1,0,1,100.0,100.0,TN
47139,11,11,0,11,100.0,100.0,TN
47141,154,154,0,154,100.0,100.0,TN
47143,33,32,1,33,96.97,100.0,TN
47145,74,68,6,72,91.89,97.3,TN
47147,123,122,1,123,99.19,100.0,TN
47149,953,944,9,945,99.06,99.16,TN
47151,17,17,0,17,100.0,100.0,TN
47153,18,18,0,18,100.0,100.0,TN
47155,236,236,0,236,100.0,100.0,TN
47157,3652,3634,18,3641,99.51,99.7,TN
47159,21,21,0,21,100.0,100.0,TN
47161,4,4,0,4,100.0,100.0,TN
47163,361,352,9,357,97.51,98.89,TN
47165,539,535,4,536,99.26,99.44,TN
47167,91,78,13,88,85.71,96.7,TN
47169,2,2,0,2,100.0,100.0,TN
47171,9,8,1,9,88.89,100.0,TN
47173,12,12,0,12,100.0,100.0,TN
47177,34,34,0,34,100.0,100.0,TN
47179,405,399,6,400,98.52,98.77,TN
47181,5,5,0,5,100.0,100.0,TN
47183,16,16,0,16,100.0,100.0,TN
47185,22,22,0,22,100.0,100.0,TN
47187,835,834,1,835,99.88,100.0,TN
47189,409,407,2,407,99.51,99.51,TN
48001,48,46,2,48,95.83,100.0,TX
48003,6,6,0,6,100.0,100.0,TX
48005,81,81,0,81,100.0,100.0,TX
48007,47,46,1,46,97.87,97.87,TX
48009,3,3,0,3,100.0,100.0,TX
48013,88,87,1,88,98.86,100.0,TX
48015,29,28,1,28,96.55,96.55,TX
48017,11,10,1,10,90.91,90.91,TX
48019,18,17,1,18,94.44,100.0,TX
48021,156,142,14,152,91.03,97.44,TX
48023,3,3,0,3,100.0,100.0,TX
48025,29,28,1,28,96.55,96.55,TX
48027,849,839,10,845,98.82,99.53,TX
48029,5365,5328,37,5342,99.31,99.57,TX
48031,20,20,0,20,100.0,100.0,TX
48035,3,3,0,3,100.0,100.0,TX
48037,179,177,2,177,98.88,98.88,TX
48039,665,649,16,659,97.59,99.1,TX
48041,527,527,0,527,100.0,100.0,TX
48043,10,10,0,10,100.0,100.0,TX
48045,2,2,0,2,100.0,100.0,TX
48049,32,32,0,32,100.0,100.0,TX
48051,9,9,0,9,100.0,100.0,TX
48053,109,98,11,109,89.91,100.0,TX
48055,62,61,1,61,98.39,98.39,TX
48057,9,9,0,9,100.0,100.0,TX
48059,8,8,0,8,100.0,100.0,TX
48061,413,408,5,412,98.79,99.76,TX
48063,6,6,0,6,100.0,100.0,TX
48065,4,4,0,4,100.0,100.0,TX
48067,10,10,0,10,100.0,100.0,TX
48069,5,5,0,5,100.0,100.0,TX
48071,51,51,0,51,100.0,100.0,TX
48073,38,36,2,37,94.74,97.37,TX
48075,5,5,0,5,100.0,100.0,TX
48077,5,5,0,5,100.0,100.0,TX
48079,2,2,0,2,100.0,100.0,TX
48081,1,1,0,1,100.0,100.0,TX
48083,6,6,0,6,100.0,100.0,TX
48085,2929,2913,16,2921,99.45,99.73,TX
48087,1,1,0,1,100.0,100.0,TX
48089,24,24,0,24,100.0,100.0,TX
48091,600,594,6,599,99.0,99.83,TX
48093,3,3,0,3,100.0,100.0,TX
48095,2,2,0,2,100.0,100.0,TX
48097,56,55,1,55,98.21,98.21,TX
48099,50,50,0,50,100.0,100.0,TX
48101,1,1,0,1,100.0,100.0,TX
48103,1,1,0,1,100.0,100.0,TX
48105,1,1,0,1,100.0,100.0,TX
48107,6,6,0,6,100.0,100.0,TX
48111,5,5,0,5,100.0,100.0,TX
48113,11432,11393,39,11411,99.66,99.82,TX
48115,7,7,0,7,100.0,100.0,TX
48117,15,14,1,14,93.33,93.33,TX
48119,2,2,0,2,100.0,100.0,TX
48121,2312,2296,16,2302,99.31,99.57,TX
48123,10,9,1,9,90.0,90.0,TX
48125,1,1,0,1,100.0,100.0,TX
48127,9,9,0,9,100.0,100.0,TX
48129,3,3,0,3,100.0,100.0,TX
48133,13,13,0,13,100.0,100.0,TX
48135,310,309,1,309,99.68,99.68,TX
48139,387,383,4,387,98.97,100.0,TX
48141,2453,2438,15,2443,99.39,99.59,TX
48143,41,41,0,41,100.0,100.0,TX
48145,2,2,0,2,100.0,100.0,TX
48147,20,20,0,20,100.0,100.0,TX
48149,19,17,2,18,89.47,94.74,TX
48151,2,2,0,2,100.0,100.0,TX
48153,1,1,0,1,100.0,100.0,TX
48157,1296,1290,6,1293,99.54,99.77,TX
48159,2,2,0,2,100.0,100.0,TX
48161,7,7,0,7,100.0,100.0,TX
48163,21,19,2,19,90.48,90.48,TX
48165,13,12,1,12,92.31,92.31,TX
48167,713,708,5,711,99.3,99.72,TX
48169,5,5,0,5,100.0,100.0,TX
48171,54,54,0,54,100.0,100.0,TX
48175,3,3,0,3,100.0,100.0,TX
48177,10,9,1,10,90.0,100.0,TX
48179,20,19,1,19,95.0,95.0,TX
48181,293,288,5,289,98.29,98.63,TX
48183,376,374,2,376,99.47,100.0,TX
48185,13,13,0,13,100.0,100.0,TX
48187,292,287,5,288,98.29,98.63,TX
48189,43,43,0,43,100.0,100.0,TX
48191,2,2,0,2,100.0,100.0,TX
48193,3,3,0,3,100.0,100.0,TX
48195,4,4,0,4,100.0,100.0,TX
48197,1,1,0,1,100.0,100.0,TX
48199,53,50,3,53,94.34,100.0,TX
48201,15915,15811,104,15850,99.35,99.59,TX
48203,74,74,0,74,100.0,100.0,TX
48207,6,6,0,6,100.0,100.0,TX
48209,726,710,16,715,97.8,98.48,TX
48211,1,1,0,1,100.0,100.0,TX
48213,130,130,0,130,100.0,100.0,TX
48215,1063,1056,7,1057,99.34,99.44,TX
48217,28,28,0,28,100.0,100.0,TX
48219,16,15,1,16,93.75,100.0,TX
48221,139,137,2,139,98.56,100.0,TX
48223,27,27,0,27,100.0,100.0,TX
48225,9,9,0,9,100.0,100.0,TX
48227,26,23,3,23,88.46,88.46,TX
48231,172,172,0,172,100.0,100.0,TX
48233,10,10,0,10,100.0,100.0,TX
48235,1,1,0,1,100.0,100.0,TX
48237,1,1,0,1,100.0,100.0,TX
48239,8,8,0,8,100.0,100.0,TX
48241,28,28,0,28,100.0,100.0,TX
48245,564,562,2,563,99.65,99.82,TX
48247,3,3,0,3,100.0,100.0,TX
48249,38,33,5,37,86.84,97.37,TX
48251,414,404,10,410,97.58,99.03,TX
48253,7,7,0,7,100.0,100.0,TX
48255,19,18,1,19,94.74,100.0,TX
48257,285,284,1,285,99.65,100.0,TX
48259,184,181,3,183,98.37,99.46,TX
48263,1,1,0,1,100.0,100.0,TX
48265,115,115,0,115,100.0,100.0,TX
48267,4,4,0,4,100.0,100.0,TX
48273,45,43,2,43,95.56,95.56,TX
48275,4,4,0,4,100.0,100.0,TX
48277,35,34,1,35,97.14,100.0,TX
48279,12,11,1,12,91.67,100.0,TX
48281,22,22,0,22,100.0,100.0,TX
48283,6,6,0,6,100.0,100.0,TX
48285,5,5,0,5,100.0,100.0,TX
48287,16,16,0,16,100.0,100.0,TX
48289,2,1,1,2,50.0,100.0,TX
48291,82,82,0,82,100.0,100.0,TX
48293,18,18,0,18,100.0,100.0,TX
48295,1,1,0,1,100.0,100.0,TX
48297,8,8,0,8,100.0,100.0,TX
48299,21,21,0,21,100.0,100.0,TX
48303,1093,1089,4,1092,99.63,99.91,TX
48305,3,3,0,3,100.0,100.0,TX
48307,7,7,0,7,100.0,100.0,TX
48309,612,611,1,611,99.84,99.84,TX
48311,1,1,0,1,100.0,100.0,TX
48313,8,8,0,8,100.0,100.0,TX
48315,2,2,0,2,100.0,100.0,TX
48317,3,3,0,3,100.0,100.0,TX
48319,2,2,0,2,100.0,100.0,TX
48321,32,32,0,32,100.0,100.0,TX
48323,33,33,0,33,100.0,100.0,TX
48325,25,25,0,25,100.0,100.0,TX
48329,554,542,12,551,97.83,99.46,TX
48331,20,20,0,20,100.0,100.0,TX
48333,4,4,0,4,100.0,100.0,TX
48335,3,3,0,3,100.0,100.0,TX
48337,14,14,0,14,100.0,100.0,TX
48339,1666,1658,8,1663,99.52,99.82,TX
48341,6,6,0,6,100.0,100.0,TX
48343,3,3,0,3,100.0,100.0,TX
48347,70,70,0,70,100.0,100.0,TX
48349,56,56,0,56,100.0,100.0,TX
48351,1,1,0,1,100.0,100.0,TX
48353,15,15,0,15,100.0,100.0,TX
48355,974,964,10,973,98.97,99.9,TX
48357,3,3,0,3,100.0,100.0,TX
48359,1,1,0,1,100.0,100.0,TX
48361,62,61,1,62,98.39,100.0,TX
48363,29,29,0,29,100.0,100.0,TX
48365,8,8,0,8,100.0,100.0,TX
48367,341,337,4,338,98.83,99.12,TX
48371,10,9,1,10,90.0,100.0,TX
48373,36,36,0,36,100.0,100.0,TX
48375,311,308,3,310,99.04,99.68,TX
48377,2,2,0,2,100.0,100.0,TX
48379,2,2,0,2,100.0,100.0,TX
48381,207,206,1,206,99.52,99.52,TX
48383,1,1,0,1,100.0,100.0,TX
48385,1,1,0,1,100.0,100.0,TX
48387,4,4,0,4,100.0,100.0,TX
48389,11,11,0,11,100.0,100.0,TX
48391,1,1,0,1,100.0,100.0,TX
48395,9,9,0,9,100.0,100.0,TX
48397,284,281,3,283,98.94,99.65,TX
48399,4,4,0,4,100.0,100.0,TX
48401,34,34,0,34,100.0,100.0,TX
48403,1,1,0,1,100.0,100.0,TX
48407,11,11,0,11,100.0,100.0,TX
48409,99,95,4,99,95.96,100.0,TX
48411,7,7,0,7,100.0,100.0,TX
48415,17,17,0,17,100.0,100.0,TX
48417,1,1,0,1,100.0,100.0,TX
48419,8,8,0,8,100.0,100.0,TX
48421,3,3,0,3,100.0,100.0,TX
48423,592,587,5,588,99.16,99.32,TX
48425,14,14,0,14,100.0,100.0,TX
48427,15,15,0,15,100.0,100.0,TX
48429,3,3,0,3,100.0,100.0,TX
48435,2,1,1,2,50.0,100.0,TX
48437,5,5,0,5,100.0,100.0,TX
48439,8020,7969,51,7999,99.36,99.74,TX
48441,337,337,0,337,100.0,100.0,TX
48445,7,7,0,7,100.0,100.0,TX
48447,2,2,0,2,100.0,100.0,TX
48449,27,27,0,27,100.0,100.0,TX
48451,187,187,0,187,100.0,100.0,TX
48453,5720,5697,23,5712,99.6,99.86,TX
48455,4,4,0,4,100.0,100.0,TX
48457,7,7,0,7,100.0,100.0,TX
48459,8,8,0,8,100.0,100.0,TX
48463,29,29,0,29,100.0,100.0,TX
48465,20,20,0,20,100.0,100.0,TX
48467,27,27,0,27,100.0,100.0,TX
48469,124,124,0,124,100.0,100.0,TX
48471,78,78,0,78,100.0,100.0,TX
48473,96,96,0,96,100.0,100.0,TX
48475,9,9,0,9,100.0,100.0,TX
48477,71,70,1,70,98.59,98.59,TX
48479,388,388,0,388,100.0,100.0,TX
48481,28,28,0,28,100.0,100.0,TX
48483,4,4,0,4,100.0,100.0,TX
48485,226,226,0,226,100.0,100.0,TX
48487,7,7,0,7,100.0,100.0,TX
48489,9,9,0,9,100.0,100.0,TX
48491,1849,1831,18,1842,99.03,99.62,TX
48493,37,37,0,37,100.0,100.0,TX
48495,1,0,1,1,0.0,100.0,TX
48497,79,75,4,79,94.94,100.0,TX
48499,20,20,0,20,100.0,100.0,TX
48501,3,3,0,3,100.0,100.0,TX
48503,25,25,0,25,100.0,100.0,TX
48505,4,3,1,4,75.0,100.0,TX
48507,1,1,0,1,100.0,100.0,TX
49001,1,1,0,1,100.0,100.0,UT
49003,45,45,0,45,100.0,100.0,UT
49005,252,249,3,249,98.81,98.81,UT
49007,14,14,0,14,100.0,100.0,UT
49009,1,1,0,1,100.0,100.0,UT
49011,882,882,0,882,100.0,100.0,UT
49013,6,6,0,6,100.0,100.0,UT
49015,4,4,0,4,100.0,100.0,UT
49017,2,2,0,2,100.0,100.0,UT
49019,10,10,0,10,100.0,100.0,UT
49021,98,98,0,98,100.0,100.0,UT
49023,5,5,0,5,100.0,100.0,UT
49025,5,5,0,5,100.0,100.0,UT
49027,3,3,0,3,100.0,100.0,UT
49029,12,12,0,12,100.0,100.0,UT
49035,4547,4534,13,4542,99.71,99.89,UT
49037,3,3,0,3,100.0,100.0,UT
49039,2,2,0,2,100.0,100.0,UT
49041,15,15,0,15,100.0,100.0,UT
49043,174,174,0,174,100.0,100.0,UT
49045,80,80,0,80,100.0,100.0,UT
49047,36,36,0,36,100.0,100.0,UT
49049,1679,1659,20,1667,98.81,99.29,UT
49051,80,79,1,79,98.75,98.75,UT
49053,492,477,15,491,96.95,99.8,UT
49055,1,1,0,1,100.0,100.0,UT
49057,863,859,4,863,99.54,100.0,UT
50001,26,26,0,26,100.0,100.0,VT
50003,65,65,0,65,100.0,100.0,VT
50005,25,25,0,25,100.0,100.0,VT
50007,632,628,4,628,99.37,99.37,VT
50009,1,1,0,1,100.0,100.0,VT
50011,26,26,0,26,100.0,100.0,VT
50013,1,1,0,1,100.0,100.0,VT
50015,25,25,0,25,100.0,100.0,VT
50017,13,13,0,13,100.0,100.0,VT
50019,14,14,0,14,100.0,100.0,VT
50021,79,78,1,78,98.73,98.73,VT
50023,93,93,0,93,100.0,100.0,VT
50025,48,48,0,48,100.0,100.0,VT
50027,53,53,0,53,100.0,100.0,VT
51001,21,21,0,21,100.0,100.0,VA
51003,243,242,1,243,99.59,100.0,VA
51005,8,8,0,8,100.0,100.0,VA
51007,19,19,0,19,100.0,100.0,VA
51009,29,29,0,29,100.0,100.0,VA
51011,4,4,0,4,100.0,100.0,VA
51013,533,528,5,533,99.06,100.0,VA
51015,65,64,1,65,98.46,100.0,VA
51017,1,1,0,1,100.0,100.0,VA
51019,114,114,0,114,100.0,100.0,VA
51021,4,4,0,4,100.0,100.0,VA
51023,59,59,0,59,100.0,100.0,VA
51025,11,11,0,11,100.0,100.0,VA
51027,9,9,0,9,100.0,100.0,VA
51029,2,1,1,1,50.0,50.0,VA
51031,91,91,0,91,100.0,100.0,VA
51033,31,31,0,31,100.0,100.0,VA
51035,12,12,0,12,100.0,100.0,VA
51036,13,13,0,13,100.0,100.0,VA
51037,9,9,0,9,100.0,100.0,VA
51041,1012,1011,1,1012,99.9,100.0,VA
51043,41,41,0,41,100.0,100.0,VA
51045,2,2,0,2,100.0,100.0,VA
51047,120,120,0,120,100.0,100.0,VA
51049,6,6,0,6,100.0,100.0,VA
51051,1,1,0,1,100.0,100.0,VA
51053,26,26,0,26,100.0,100.0,VA
51057,21,21,0,21,100.0,100.0,VA
51059,2700,2692,8,2695,99.7,99.81,VA
51061,250,249,1,250,99.6,100.0,VA
51063,6,6,0,6,100.0,100.0,VA
51065,12,12,0,12,100.0,100.0,VA
51067,63,63,0,63,100.0,100.0,VA
51069,210,209,1,209,99.52,99.52,VA
51071,4,4,0,4,100.0,100.0,VA
51073,70,70,0,70,100.0,100.0,VA
51075,81,81,0,81,100.0,100.0,VA
51077,3,3,0,3,100.0,100.0,VA
51079,31,31,0,31,100.0,100.0,VA
51081,1,1,0,1,100.0,100.0,VA
51083,24,23,1,23,95.83,95.83,VA
51085,470,470,0,470,100.0,100.0,VA
51087,1476,1473,3,1475,99.8,99.93,VA
51089,53,53,0,53,100.0,100.0,VA
51091,1,1,0,1,100.0,100.0,VA
51093,55,54,1,55,98.18,100.0,VA
51095,251,251,0,251,100.0,100.0,VA
51097,6,6,0,6,100.0,100.0,VA
51099,66,66,0,66,100.0,100.0,VA
51101,21,21,0,21,100.0,100.0,VA
51103,15,15,0,15,100.0,100.0,VA
51105,5,5,0,5,100.0,100.0,VA
51107,1140,1136,4,1137,99.65,99.74,VA
51109,28,26,2,28,92.86,100.0,VA
51111,10,10,0,10,100.0,100.0,VA
51113,16,16,0,16,100.0,100.0,VA
51115,8,8,0,8,100.0,100.0,VA
51117,38,38,0,38,100.0,100.0,VA
51119,24,24,0,24,100.0,100.0,VA
51121,208,206,2,206,99.04,99.04,VA
51125,9,9,0,9,100.0,100.0,VA
51127,27,27,0,27,100.0,100.0,VA
51131,22,22,0,22,100.0,100.0,VA
51133,8,8,0,8,100.0,100.0,VA
51135,16,16,0,16,100.0,100.0,VA
51137,51,50,1,51,98.04,100.0,VA
51139,7,7,0,7,100.0,100.0,VA
51141,2,2,0,2,100.0,100.0,VA
51143,13,13,0,13,100.0,100.0,VA
51145,40,40,0,40,100.0,100.0,VA
51147,26,26,0,26,100.0,100.0,VA
51149,57,57,0,57,100.0,100.0,VA
51153,904,904,0,904,100.0,100.0,VA
51155,36,36,0,36,100.0,100.0,VA
51157,4,4,0,4,100.0,100.0,VA
51159,15,15,0,15,100.0,100.0,VA
51161,273,271,2,273,99.27,100.0,VA
51163,14,14,0,14,100.0,100.0,VA
51165,87,87,0,87,100.0,100.0,VA
51167,16,16,0,16,100.0,100.0,VA
51169,4,4,0,4,100.0,100.0,VA
51171,80,79,1,79,98.75,98.75,VA
51173,17,17,0,17,100.0,100.0,VA
51175,18,18,0,18,100.0,100.0,VA
51177,375,375,0,375,100.0,100.0,VA
51179,365,364,1,365,99.73,100.0,VA
51181,2,2,0,2,100.0,100.0,VA
51183,9,9,0,9,100.0,100.0,VA
51185,31,31,0,31,100.0,100.0,VA
51187,111,111,0,111,100.0,100.0,VA
51191,88,84,4,86,95.45,97.73,VA
51193,13,13,0,13,100.0,100.0,VA
51195,13,13,0,13,100.0,100.0,VA
51197,49,46,3,49,93.88,100.0,VA
51199,204,204,0,204,100.0,100.0,VA
51510,797,797,0,797,100.0,100.0,VA
51520,64,64,0,64,100.0,100.0,VA
51530,10,10,0,10,100.0,100.0,VA
51540,264,260,4,263,98.48,99.62,VA
51550,802,799,3,799,99.63,99.63,VA
51570,108,106,2,107,98.15,99.07,VA
51580,11,11,0,11,100.0,100.0,VA
51590,125,124,1,124,99.2,99.2,VA
51595,20,20,0,20,100.0,100.0,VA
51600,235,235,0,235,100.0,100.0,VA
51610,123,123,0,123,100.0,100.0,VA
51620,28,28,0,28,100.0,100.0,VA
51630,325,325,0,325,100.0,100.0,VA
51640,12,12,0,12,100.0,100.0,VA
51650,423,421,2,423,99.53,100.0,VA
51660,239,239,0,239,100.0,100.0,VA
51670,57,57,0,57,100.0,100.0,VA
51678,6,6,0,6,100.0,100.0,VA
51680,294,294,0,294,100.0,100.0,VA
51683,259,259,0,259,100.0,100.0,VA
51685,44,44,0,44,100.0,100.0,VA
51690,67,65,2,67,97.01,100.0,VA
51700,660,660,0,660,100.0,100.0,VA
51710,929,928,1,929,99.89,100.0,VA
51720,10,10,0,10,100.0,100.0,VA
51730,197,197,0,197,100.0,100.0,VA
51735,17,17,0,17,100.0,100.0,VA
51740,292,292,0,292,100.0,100.0,VA
51750,32,32,0,32,100.0,100.0,VA
51760,1611,1611,0,1611,100.0,100.0,VA
51770,530,519,11,525,97.92,99.06,VA
51775,186,183,3,185,98.39,99.46,VA
51790,70,70,0,70,100.0,100.0,VA
51800,257,257,0,257,100.0,100.0,VA
51810,1429,1426,3,1428,99.79,99.93,VA
51820,50,50,0,50,100.0,100.0,VA
51830,105,104,1,105,99.05,100.0,VA
51840,255,253,2,254,99.22,99.61,VA
53001,12,11,1,12,91.67,100.0,WA
53003,17,17,0,17,100.0,100.0,WA
53005,535,534,1,535,99.81,100.0,WA
53007,134,134,0,134,100.0,100.0,WA
53009,58,57,1,58,98.28,100.0,WA
53011,1510,1508,2,1509,99.87,99.93,WA
53013,1,1,0,1,100.0,100.0,WA
53015,316,315,1,315,99.68,99.68,WA
53017,41,41,0,41,100.0,100.0,WA
53019,3,3,0,3,100.0,100.0,WA
53021,143,139,4,143,97.2,100.0,WA
53023,1,1,0,1,100.0,100.0,WA
53025,88,87,1,88,98.86,100.0,WA
53027,56,53,3,56,94.64,100.0,WA
53029,69,65,4,68,94.2,98.55,WA
53031,16,16,0,16,100.0,100.0,WA
53033,9210,9156,54,9175,99.41,99.62,WA
53035,579,561,18,577,96.89,99.65,WA
53037,48,46,2,48,95.83,100.0,WA
53039,13,12,1,13,92.31,100.0,WA
53041,134,133,1,134,99.25,100.0,WA
53043,3,3,0,3,100.0,100.0,WA
53045,45,45,0,45,100.0,100.0,WA
53047,17,17,0,17,100.0,100.0,WA
53049,11,11,0,11,100.0,100.0,WA
53051,8,8,0,8,100.0,100.0,WA
53053,2946,2941,5,2943,99.83,99.9,WA
53055,7,7,0,7,100.0,100.0,WA
53057,240,234,6,240,97.5,100.0,WA
53059,5,5,0,5,100.0,100.0,WA
53061,2287,2283,4,2285,99.83,99.91,WA
53063,2183,2179,4,2182,99.82,99.95,WA
53065,29,29,0,29,100.0,100.0,WA
53067,882,872,10,880,98.87,99.77,WA
53069,2,2,0,2,100.0,100.0,WA
53071,104,102,2,102,98.08,98.08,WA
53073,588,582,6,586,98.98,99.66,WA
53075,47,46,1,47,97.87,100.0,WA
53077,490,490,0,490,100.0,100.0,WA
54003,170,170,0,170,100.0,100.0,WV
54005,4,4,0,4,100.0,100.0,WV
54007,4,4,0,4,100.0,100.0,WV
54009,16,16,0,16,100.0,100.0,WV
54011,190,190,0,190,100.0,100.0,WV
54013,1,1,0,1,100.0,100.0,WV
54015,2,2,0,2,100.0,100.0,WV
54019,24,23,1,23,95.83,95.83,WV
54021,1,1,0,1,100.0,100.0,WV
54025,30,30,0,30,100.0,100.0,WV
54027,4,4,0,4,100.0,100.0,WV
54029,37,37,0,37,100.0,100.0,WV
54031,1,1,0,1,100.0,100.0,WV
54033,113,111,2,111,98.23,98.23,WV
54035,22,19,3,22,86.36,100.0,WV
54037,69,69,0,69,100.0,100.0,WV
54039,483,480,3,482,99.38,99.79,WV
54041,10,10,0,10,100.0,100.0,WV
54043,5,5,0,5,100.0,100.0,WV
54045,14,14,0,14,100.0,100.0,WV
54047,3,3,0,3,100.0,100.0,WV
54049,60,60,0,60,100.0,100.0,WV
54051,11,11,0,11,100.0,100.0,WV
54053,8,8,0,8,100.0,100.0,WV
54055,57,57,0,57,100.0,100.0,WV
54057,3,3,0,3,100.0,100.0,WV
54059,3,3,0,3,100.0,100.0,WV
54061,216,215,1,216,99.54,100.0,WV
54063,4,4,0,4,100.0,100.0,WV
54065,17,16,1,17,94.12,100.0,WV
54067,15,15,0,15,100.0,100.0,WV
54069,108,108,0,108,100.0,100.0,WV
54073,1,1,0,1,100.0,100.0,WV
54077,3,3,0,3,100.0,100.0,WV
54079,93,92,1,93,98.92,100.0,WV
54081,115,113,2,114,98.26,99.13,WV
54083,8,8,0,8,100.0,100.0,WV
54085,2,2,0,2,100.0,100.0,WV
54087,3,3,0,3,100.0,100.0,WV
54091,8,8,0,8,100.0,100.0,WV
54095,1,1,0,1,100.0,100.0,WV
54097,10,10,0,10,100.0,100.0,WV
54099,14,12,2,14,85.71,100.0,WV
54101,3,3,0,3,100.0,100.0,WV
54103,7,7,0,7,100.0,100.0,WV
54105,2,2,0,2,100.0,100.0,WV
54107,154,153,1,153,99.35,99.35,WV
54109,2,2,0,2,100.0,100.0,WV
55001,7,6,1,6,85.71,85.71,WI
55003,18,18,0,18,100.0,100.0,WI
55005,44,42,2,44,95.45,100.0,WI
55007,5,5,0,5,100.0,100.0,WI
55009,754,751,3,753,99.6,99.87,WI
55011,7,7,0,7,100.0,100.0,WI
55013,6,6,0,6,100.0,100.0,WI
55015,41,41,0,41,100.0,100.0,WI
55017,96,95,1,95,98.96,98.96,WI
55019,12,12,0,12,100.0,100.0,WI
55021,60,59,1,60,98.33,100.0,WI
55023,9,9,0,9,100.0,100.0,WI
55025,1778,1774,4,1778,99.78,100.0,WI
55027,102,101,1,102,99.02,100.0,WI
55029,26,26,0,26,100.0,100.0,WI
55031,66,66,0,66,100.0,100.0,WI
55033,68,68,0,68,100.0,100.0,WI
55035,277,277,0,277,100.0,100.0,WI
55039,151,150,1,151,99.34,100.0,WI
55041,3,3,0,3,100.0,100.0,WI
55043,31,31,0,31,100.0,100.0,WI
55045,28,27,1,28,96.43,100.0,WI
55047,13,13,0,13,100.0,100.0,WI
55049,13,12,1,13,92.31,100.0,WI
55051,2,2,0,2,100.0,100.0,WI
55053,5,5,0,5,100.0,100.0,WI
55055,155,152,3,155,98.06,100.0,WI
55057,15,15,0,15,100.0,100.0,WI
55059,395,394,1,394,99.75,99.75,WI
55061,6,6,0,6,100.0,100.0,WI
55063,199,193,6,197,96.98,98.99,WI
55065,3,3,0,3,100.0,100.0,WI
55067,7,7,0,7,100.0,100.0,WI
55069,14,14,0,14,100.0,100.0,WI
55071,86,85,1,85,98.84,98.84,WI
55073,227,223,4,226,98.24,99.56,WI
55075,24,24,0,24,100.0,100.0,WI
55077,5,5,0,5,100.0,100.0,WI
55079,2584,2583,1,2583,99.96,99.96,WI
55081,26,26,0,26,100.0,100.0,WI
55083,24,24,0,24,100.0,100.0,WI
55085,50,50,0,50,100.0,100.0,WI
55087,682,679,3,681,99.56,99.85,WI
55089,294,293,1,293,99.66,99.66,WI
55091,2,2,0,2,100.0,100.0,WI
55093,39,39,0,39,100.0,100.0,WI
55095,43,41,2,43,95.35,100.0,WI
55097,116,116,0,116,100.0,100.0,WI
55099,5,5,0,5,100.0,100.0,WI
55101,517,508,9,513,98.26,99.23,WI
55103,7,6,1,7,85.71,100.0,WI
55105,347,347,0,347,100.0,100.0,WI
55107,9,9,0,9,100.0,100.0,WI
55109,224,224,0,224,100.0,100.0,WI
55111,67,65,2,66,97.01,98.51,WI
55113,9,9,0,9,100.0,100.0,WI
55115,35,35,0,35,100.0,100.0,WI
55117,173,172,1,173,99.42,100.0,WI
55119,7,7,0,7,100.0,100.0,WI
55121,9,9,0,9,100.0,100.0,WI
55123,6,6,0,6,100.0,100.0,WI
55125,14,14,0,14,100.0,100.0,WI
55127,234,227,7,233,97.01,99.57,WI
55129,7,7,0,7,100.0,100.0,WI
55131,287,287,0,287,100.0,100.0,WI
55133,1510,1505,5,1508,99.67,99.87,WI
55135,38,37,1,38,97.37,100.0,WI
55137,12,11,1,12,91.67,100.0,WI
55139,445,440,5,444,98.88,99.78,WI
55141,88,88,0,88,100.0,100.0,WI
56001,27,27,0,27,100.0,100.0,WY
56003,2,2,0,2,100.0,100.0,WY
56005,43,43,0,43,100.0,100.0,WY
56007,7,7,0,7,100.0,100.0,WY
56009,2,2,0,2,100.0,100.0,WY
56013,21,21,0,21,100.0,100.0,WY
56015,3,3,0,3,100.0,100.0,WY
56017,1,1,0,1,100.0,100.0,WY
56019,4,4,0,4,100.0,100.0,WY
56021,228,226,2,227,99.12,99.56,WY
56023,3,3,0,3,100.0,100.0,WY
56025,160,159,1,160,99.38,100.0,WY
56029,22,22,0,22,100.0,100.0,WY
56031,1,1,0,1,100.0,100.0,WY
56033,12,12,0,12,100.0,100.0,WY
56035,1,1,0,1,100.0,100.0,WY
56037,65,65,0,65,100.0,100.0,WY
56039,34,34,0,34,100.0,100.0,WY
56041,16,16,0,16,100.0,100.0,WY
56043,5,5,0,5,100.0,100.0,WY
56045,2,2,0,2,100.0,100.0,WY
